0.0124468589,0.0262690224,0.4505000114,-0.0011815322,0.0324648693,0.0258747861,0.9991372228,0.1121491864,-0.3490000069,-1.1098858118,-1.7400000095,-2.2699999809,-1.2615921497,-1.0596295595,1.7400000095,-2.2699999809,1.3169950247,-0.9794644713,0.5074307323,0.0805076137,1.4218131304,-0.4299999774,-0.2233119309,-0.8286456466,-0.6064398885,-0.0774874315,1.3378587961,-0.4390000403,0.3449999988
0.0124468589,0.0262690224,0.4505000114,-0.0011815322,0.0324648693,0.0258747861,0.9991372228,0.1121491864,-0.3490000069,-1.1098858118,-1.7400000095,-2.2699999809,-1.2615921497,-1.0596295595,1.7400000095,-2.2699999809,1.3169950247,-0.9794644713,0.5074307323,0.0805076137,1.4218131304,-0.4299999774,-0.2233119309,-0.8286456466,-0.6064398885,-0.0774874315,1.3378587961,-0.4390000403,0.3449999988
0.0124468589,0.0262690224,0.4505000114,-0.0011815322,0.0324648693,0.0258747861,0.9991372228,0.1121491864,-0.3490000069,-1.1098858118,-1.7400000095,-2.2699999809,-1.2615921497,-1.0596295595,1.7400000095,-2.2699999809,1.3169950247,-0.9794644713,0.5074307323,0.0805076137,1.4218131304,-0.4299999774,-0.2233119309,-0.8286456466,-0.6064398885,-0.0774874315,1.3378587961,-0.4390000403,0.3449999988
0.0124468589,0.0262690224,0.4505000114,-0.0011815322,0.0324648693,0.0258747861,0.9991372228,0.1121491864,-0.3490000069,-1.1098858118,-1.7400000095,-2.2699999809,-1.2615921497,-1.0596295595,1.7400000095,-2.2699999809,1.3169950247,-0.9794644713,0.5074307323,0.0805076137,1.4218131304,-0.4299999774,-0.2233119309,-0.8286456466,-0.6064398885,-0.0774874315,1.3378587961,-0.4390000403,0.3449999988
0.0124468589,0.0262690224,0.4505000114,-0.0011815322,0.0324648693,0.0258747861,0.9991372228,0.1121491864,-0.3490000069,-1.1098858118,-1.7400000095,-2.2699999809,-1.2615921497,-1.0596295595,1.7400000095,-2.2699999809,1.3169950247,-0.9794644713,0.5074307323,0.0805076137,1.4218131304,-0.4299999774,-0.2233119309,-0.8286456466,-0.6064398885,-0.0774874315,1.3378587961,-0.4390000403,0.3449999988
0.0124468589,0.0262690224,0.4505000114,-0.0011815322,0.0324648693,0.0258747861,0.9991372228,0.1121491864,-0.3490000069,-1.1098858118,-1.7400000095,-2.2699999809,-1.2615921497,-1.0596295595,1.7400000095,-2.2699999809,1.3169950247,-0.9794644713,0.5074307323,0.0805076137,1.4218131304,-0.4299999774,-0.2233119309,-0.8286456466,-0.6064398885,-0.0774874315,1.3378587961,-0.4390000403,0.3449999988
0.0124468589,0.0262690224,0.4505000114,-0.0011815322,0.0324648693,0.0258747861,0.9991372228,0.1121491864,-0.3490000069,-1.1098858118,-1.7400000095,-2.2699999809,-1.2615921497,-1.0596295595,1.7400000095,-2.2699999809,1.3169950247,-0.9794644713,0.5074307323,0.0805076137,1.4218131304,-0.4299999774,-0.2233119309,-0.8286456466,-0.6064398885,-0.0774874315,1.3378587961,-0.4390000403,0.3449999988
0.0124468589,0.0262690224,0.4505000114,-0.0011815322,0.0324648693,0.0258747861,0.9991372228,0.1121491864,-0.3490000069,-1.1098858118,-1.7400000095,-2.2699999809,-1.2615921497,-1.0596295595,1.7400000095,-2.2699999809,1.3169950247,-0.9794644713,0.5074307323,0.0805076137,1.4218131304,-0.4299999774,-0.2233119309,-0.8286456466,-0.6064398885,-0.0774874315,1.3378587961,-0.4390000403,0.3449999988
0.0124468589,0.0262690224,0.4505000114,-0.0011815322,0.0324648693,0.0258747861,0.9991372228,0.1121491864,-0.3490000069,-1.1098858118,-1.7400000095,-2.2699999809,-1.2615921497,-1.0596295595,1.7400000095,-2.2699999809,1.3169950247,-0.9794644713,0.5074307323,0.0805076137,1.4218131304,-0.4299999774,-0.2233119309,-0.8286456466,-0.6064398885,-0.0774874315,1.3378587961,-0.4390000403,0.3449999988
0.0124468589,0.0262690224,0.4505000114,-0.0011815322,0.0324648693,0.0258747861,0.9991372228,0.1121491864,-0.3490000069,-1.1098858118,-1.7400000095,-2.2699999809,-1.2615921497,-1.0596295595,1.7400000095,-2.2699999809,1.3169950247,-0.9794644713,0.5074307323,0.0805076137,1.4218131304,-0.4299999774,-0.2233119309,-0.8286456466,-0.6064398885,-0.0774874315,1.3378587961,-0.4390000403,0.3449999988
0.0124468589,0.0262690224,0.4505000114,-0.0011815322,0.0324648693,0.0258747861,0.9991372228,0.1121491864,-0.3490000069,-1.1098858118,-1.7400000095,-2.2699999809,-1.2615921497,-1.0596295595,1.7400000095,-2.2699999809,1.3169950247,-0.9794644713,0.5074307323,0.0805076137,1.4218131304,-0.4299999774,-0.2233119309,-0.8286456466,-0.6064398885,-0.0774874315,1.3378587961,-0.4390000403,0.3449999988
0.0124468589,0.0262690224,0.4505000114,-0.0011815322,0.0324648693,0.0258747861,0.9991372228,0.1121491864,-0.3490000069,-1.1098858118,-1.7400000095,-2.2699999809,-1.2615921497,-1.0596295595,1.7400000095,-2.2699999809,1.3169950247,-0.9794644713,0.5074307323,0.0805076137,1.4218131304,-0.4299999774,-0.2233119309,-0.8286456466,-0.6064398885,-0.0774874315,1.3378587961,-0.4390000403,0.3449999988
0.0124468589,0.0262690224,0.4505000114,-0.0011815322,0.0324648693,0.0258747861,0.9991372228,0.1121491864,-0.3490000069,-1.1098858118,-1.7400000095,-2.2699999809,-1.2615921497,-1.0596295595,1.7400000095,-2.2699999809,1.3169950247,-0.9794644713,0.5074307323,0.0805076137,1.4218131304,-0.4299999774,-0.2233119309,-0.8286456466,-0.6064398885,-0.0774874315,1.3378587961,-0.4390000403,0.3449999988
0.0124468589,0.0262690224,0.4505000114,-0.0011815322,0.0324648693,0.0258747861,0.9991372228,0.1121491864,-0.3490000069,-1.1098858118,-1.7400000095,-2.2699999809,-1.2615921497,-1.0596295595,1.7400000095,-2.2699999809,1.3169950247,-0.9794644713,0.5074307323,0.0805076137,1.4218131304,-0.4299999774,-0.2233119309,-0.8286456466,-0.6064398885,-0.0774874315,1.3378587961,-0.4390000403,0.3449999988
0.0124468589,0.0262690224,0.4505000114,-0.0011815322,0.0324648693,0.0258747861,0.9991372228,0.1121491864,-0.3490000069,-1.1098858118,-1.7400000095,-2.2699999809,-1.2615921497,-1.0596295595,1.7400000095,-2.2699999809,1.3169950247,-0.9794644713,0.5074307323,0.0805076137,1.4218131304,-0.4299999774,-0.2233119309,-0.8286456466,-0.6064398885,-0.0774874315,1.3378587961,-0.4390000403,0.3449999988
0.0124468589,0.0262690224,0.4505000114,-0.0011815322,0.0324648693,0.0258747861,0.9991372228,0.1121491864,-0.3490000069,-1.1098858118,-1.7400000095,-2.2699999809,-1.2615921497,-1.0596295595,1.7400000095,-2.2699999809,1.3169950247,-0.9794644713,0.5074307323,0.0805076137,1.4218131304,-0.4299999774,-0.2233119309,-0.8286456466,-0.6064398885,-0.0774874315,1.3378587961,-0.4390000403,0.3449999988
0.0124468589,0.0262690224,0.4505000114,-0.0011815322,0.0324648693,0.0258747861,0.9991372228,0.1121491864,-0.3490000069,-1.1098858118,-1.7400000095,-2.2699999809,-1.2615921497,-1.0596295595,1.7400000095,-2.2699999809,1.3169950247,-0.9794644713,0.5074307323,0.0805076137,1.4218131304,-0.4299999774,-0.2233119309,-0.8286456466,-0.6064398885,-0.0774874315,1.3378587961,-0.4390000403,0.3449999988
0.0124468589,0.0262690224,0.4505000114,-0.0011815322,0.0324648693,0.0258747861,0.9991372228,0.1121491864,-0.3490000069,-1.1098858118,-1.7400000095,-2.2699999809,-1.2615921497,-1.0596295595,1.7400000095,-2.2699999809,1.3169950247,-0.9794644713,0.5074307323,0.0805076137,1.4218131304,-0.4299999774,-0.2233119309,-0.8286456466,-0.6064398885,-0.0774874315,1.3378587961,-0.4390000403,0.3449999988
0.0124468589,0.0262690224,0.4505000114,-0.0011815322,0.0324648693,0.0258747861,0.9991372228,0.1121491864,-0.3490000069,-1.1098858118,-1.7400000095,-2.2699999809,-1.2615921497,-1.0596295595,1.7400000095,-2.2699999809,1.3169950247,-0.9794644713,0.5074307323,0.0805076137,1.4218131304,-0.4299999774,-0.2233119309,-0.8286456466,-0.6064398885,-0.0774874315,1.3378587961,-0.4390000403,0.3449999988
0.0124468589,0.0262690224,0.4505000114,-0.0011815322,0.0324648693,0.0258747861,0.9991372228,0.1121491864,-0.3490000069,-1.1098858118,-1.7400000095,-2.2699999809,-1.2615921497,-1.0596295595,1.7400000095,-2.2699999809,1.3169950247,-0.9794644713,0.5074307323,0.0805076137,1.4218131304,-0.4299999774,-0.2233119309,-0.8286456466,-0.6064398885,-0.0774874315,1.3378587961,-0.4390000403,0.3449999988
0.0124468589,0.0262690224,0.4505000114,-0.0011815322,0.0324648693,0.0258747861,0.9991372228,0.1121491864,-0.3490000069,-1.1098858118,-1.7400000095,-2.2699999809,-1.2615921497,-1.0596295595,1.7400000095,-2.2699999809,1.3169950247,-0.9794644713,0.5074307323,0.0805076137,1.4218131304,-0.4299999774,-0.2233119309,-0.8286456466,-0.6064398885,-0.0774874315,1.3378587961,-0.4390000403,0.3449999988
0.0124468589,0.0262690224,0.4505000114,-0.0011815322,0.0324648693,0.0258747861,0.9991372228,0.1121491864,-0.3490000069,-1.1098858118,-1.7400000095,-2.2699999809,-1.2615921497,-1.0596295595,1.7400000095,-2.2699999809,1.3169950247,-0.9794644713,0.5074307323,0.0805076137,1.4218131304,-0.4299999774,-0.2233119309,-0.8286456466,-0.6064398885,-0.0774874315,1.3378587961,-0.4390000403,0.3449999988
0.0124468589,0.0262690224,0.4505000114,-0.0011815322,0.0324648693,0.0258747861,0.9991372228,0.1121491864,-0.3490000069,-1.1098858118,-1.7400000095,-2.2699999809,-1.2615921497,-1.0596295595,1.7400000095,-2.2699999809,1.3169950247,-0.9794644713,0.5074307323,0.0805076137,1.4218131304,-0.4299999774,-0.2233119309,-0.8286456466,-0.6064398885,-0.0774874315,1.3378587961,-0.4390000403,0.3449999988
0.0124468589,0.0262690224,0.4505000114,-0.0011815322,0.0324648693,0.0258747861,0.9991372228,0.1121491864,-0.3490000069,-1.1098858118,-1.7400000095,-2.2699999809,-1.2615921497,-1.0596295595,1.7400000095,-2.2699999809,1.3169950247,-0.9794644713,0.5074307323,0.0805076137,1.4218131304,-0.4299999774,-0.2233119309,-0.8286456466,-0.6064398885,-0.0774874315,1.3378587961,-0.4390000403,0.3449999988
0.0124468589,0.0262690224,0.4505000114,-0.0011815322,0.0324648693,0.0258747861,0.9991372228,0.1121491864,-0.3490000069,-1.1098858118,-1.7400000095,-2.2699999809,-1.2615921497,-1.0596295595,1.7400000095,-2.2699999809,1.3169950247,-0.9794644713,0.5074307323,0.0805076137,1.4218131304,-0.4299999774,-0.2233119309,-0.8286456466,-0.6064398885,-0.0774874315,1.3378587961,-0.4390000403,0.3449999988
0.0124468589,0.0262690224,0.4505000114,-0.0011815322,0.0324648693,0.0258747861,0.9991372228,0.1121491864,-0.3490000069,-1.1098858118,-1.7400000095,-2.2699999809,-1.2615921497,-1.0596295595,1.7400000095,-2.2699999809,1.3169950247,-0.9794644713,0.5074307323,0.0805076137,1.4218131304,-0.4299999774,-0.2233119309,-0.8286456466,-0.6064398885,-0.0774874315,1.3378587961,-0.4390000403,0.3449999988
0.0124468589,0.0262690224,0.4505000114,-0.0011815322,0.0324648693,0.0258747861,0.9991372228,0.1126070768,-0.3490000069,-1.1108269691,-1.7400000095,-2.2699999809,-1.2631342411,-1.0615067482,1.7400000095,-2.2699999809,1.3212304115,-0.9794644713,0.5074307323,0.0805076137,1.4224665165,-0.4330589175,-0.2244884372,-0.8253514171,-0.6076163650,-0.0807816535,1.3387999535,-0.4587653875,0.3449999988
0.0124468589,0.0262690224,0.4505000114,-0.0011815322,0.0324648693,0.0258747861,0.9991372228,0.1144210100,-0.3490000069,-1.1118768454,-1.7400000095,-2.2699999809,-1.2658982277,-1.0657435656,1.7400000095,-2.2699999809,1.3259544373,-0.9794644713,0.5074307323,0.0805076137,1.4237172604,-0.4364707768,-0.2258006930,-0.8216770291,-0.6089286804,-0.0844559819,1.3398498297,-0.4808112979,0.3449999988
0.0124468589,0.0262690224,0.4505000114,-0.0008960552,0.0324722901,0.0254541244,0.9991480708,0.1179103926,-0.3490000069,-1.1106778383,-1.7400000095,-2.2699999809,-1.2675451040,-1.0704271793,1.7400000095,-2.2699999809,1.3251706362,-0.9794644713,0.5066064000,0.0805076137,1.4247069359,-0.4352782667,-0.2258119285,-0.8232942820,-0.6072912216,-0.0811814815,1.3398587704,-0.4801756740,0.3449999988
0.0124468589,0.0262690224,0.4505000114,-0.0002535177,0.0324883275,0.0248639807,0.9991627932,0.1216504127,-0.3490000069,-1.1078605652,-1.7400000095,-2.2699999809,-1.2680643797,-1.0745564699,1.7400000095,-2.2699999809,1.3240299225,-0.9794644713,0.5054657459,0.0805076137,1.4256317616,-0.4328314066,-0.2258119285,-0.8255755901,-0.6050099134,-0.0751619339,1.3398587704,-0.4790349901,0.3449999988
0.0124468589,0.0262690224,0.4505000114,0.0003153890,0.0321477056,0.0248289872,0.9991746545,0.1242380738,-0.3490000069,-1.1052772999,-1.7400000095,-2.2699999809,-1.2681678534,-1.0776805878,1.7400000095,-2.2699999809,1.3247046471,-0.9792186022,0.5054307580,0.0812436268,1.4268677235,-0.4314479530,-0.2241274565,-0.8256455660,-0.6056495905,-0.0732468739,1.3400974274,-0.4790000319,0.3449999988
0.0124468589,0.0262690224,0.4505000114,0.0007722325,0.0315522738,0.0248161983,0.9991937280,0.1280717552,-0.3490000069,-1.1036231518,-1.7400000095,-2.2699999809,-1.2684394121,-1.0810472965,1.7400000095,-2.2699999809,1.3259184361,-0.9779806733,0.5054307580,0.0837068483,1.4277657270,-0.4307389855,-0.2204628438,-0.8256455660,-0.6068633795,-0.0726784840,1.3413357735,-0.4790000319,0.3449999988
0.0124468589,0.0256704446,0.4505000114,0.0012120387,0.0315236561,0.0241572931,0.9992102981,0.1364114434,-0.3490000069,-1.1029943228,-1.7400000095,-2.2699999809,-1.2724231482,-1.0863054991,1.7400000095,-2.2699999809,1.3244746923,-0.9753642082,0.5080701709,0.0872967392,1.4266158342,-0.4293978214,-0.2189575881,-0.8280398250,-0.6033483744,-0.0674949959,1.3439235687,-0.4794489443,0.3449999988
0.0124468589,0.0244012196,0.4505000114,0.0017596401,0.0315323509,0.0223223660,0.9992518425,0.1467514336,-0.3490000069,-1.1023615599,-1.7400000095,-2.2699999809,-1.2822662592,-1.0926593542,1.7400000095,-2.2699999809,1.3210257292,-0.9722967148,0.5145676136,0.0912653059,1.4240773916,-0.4275610745,-0.2178738117,-0.8331167102,-0.5957329273,-0.0603601933,1.3461623192,-0.4804008603,0.3449999988
0.0124468589,0.0242690220,0.4505000114,0.0024313198,0.0312973149,0.0210811030,0.9992848635,0.1539986730,-0.3490000069,-1.1003533602,-1.7400000095,-2.2699999809,-1.2887631655,-1.0982394218,1.7400000095,-2.2699999809,1.3201495409,-0.9702613950,0.5172432661,0.0948391557,1.4247980118,-0.4260533452,-0.2130081356,-0.8336454630,-0.5954322815,-0.0576065667,1.3463586569,-0.4805000126,0.3449999988
0.0124468589,0.0242690220,0.4505000114,0.0029569697,0.0306540318,0.0207663272,0.9993099570,0.1569196135,-0.3490000069,-1.0981725454,-1.7400000095,-2.2699999809,-1.2911667824,-1.1030799150,1.7400000095,-2.2699999809,1.3199986219,-0.9695166945,0.5177934170,0.0976285264,1.4274119139,-0.4251801074,-0.2065096349,-0.8336454630,-0.5967392325,-0.0570025183,1.3463586569,-0.4805000126,0.3449999988
0.0124468589,0.0242690220,0.4505000114,0.0030197862,0.0305550732,0.0207573734,0.9993129969,0.1571491957,-0.3490000069,-1.0981791019,-1.7400000095,-2.2699999809,-1.2941235304,-1.1083369255,1.7400000095,-2.2699999809,1.3203878403,-0.9694645405,0.5183402300,0.0994936079,1.4278129339,-0.4248547256,-0.2035451084,-0.8336454630,-0.5969397426,-0.0569874421,1.3463586569,-0.4805000126,0.3449999988
0.0124468589,0.0242690220,0.4505000114,0.0030197862,0.0305550732,0.0207573734,0.9993129969,0.1571491957,-0.3490000069,-1.0995647907,-1.7400000095,-2.2699999809,-1.2987443209,-1.1137876511,1.7400000095,-2.2699999809,1.3217146397,-0.9694645405,0.5193966031,0.1003999114,1.4278129339,-0.4240715504,-0.2028380036,-0.8336454630,-0.5969397426,-0.0569874421,1.3463586569,-0.4805000126,0.3449999988
0.0124468589,0.0241035279,0.4505000114,0.0031063398,0.0305574369,0.0209052507,0.9993095398,0.1575629413,-0.3490000069,-1.1011818647,-1.7400000095,-2.2699999809,-1.3033648729,-1.1181651354,1.7400000095,-2.2699999809,1.3219872713,-0.9694645405,0.5204197764,0.1002837420,1.4271345139,-0.4212040901,-0.2040181309,-0.8336454630,-0.5967606306,-0.0569874421,1.3467140198,-0.4812079370,0.3449999988
0.0124468589,0.0230718646,0.4505000114,0.0036200141,0.0305710137,0.0215529911,0.9992936850,0.1601420790,-0.3490000069,-1.1024225950,-1.7400000095,-2.2699999809,-1.3079200983,-1.1213870049,1.7400000095,-2.2699999809,1.3218036890,-0.9694645405,0.5213224292,0.0989569947,1.4241440296,-0.4167565703,-0.2093344033,-0.8336454630,-0.5956991911,-0.0569874421,1.3489980698,-0.4849325716,0.3449999988
0.0124468589,0.0216601007,0.4505000114,0.0042475881,0.0304754786,0.0216597412,0.9992917776,0.1636714935,-0.3490000069,-1.1030985117,-1.7400000095,-2.2699999809,-1.3139241934,-1.1245265007,1.7400000095,-2.2699999809,1.3205462694,-0.9693070054,0.5224700570,0.0973500088,1.4233129025,-0.4132740498,-0.2104279995,-0.8338061571,-0.5944101810,-0.0568690076,1.3523323536,-0.4879826605,0.3449999988
0.0124468589,0.0205334146,0.4505000114,0.0047658444,0.0298274569,0.0211634897,0.9993196130,0.1664882004,-0.3490000069,-1.1033054590,-1.7400000095,-2.2699999809,-1.3212131262,-1.1278102398,1.7400000095,-2.2699999809,1.3152363300,-0.9682030678,0.5236300826,0.0962466821,1.4233129025,-0.4116416872,-0.2081292868,-0.8350630403,-0.5934016705,-0.0558977388,1.3551723957,-0.4888689220,0.3449999988
0.0124468589,0.0202690214,0.4505000114,0.0051680249,0.0295984466,0.0204513893,0.9993392825,0.1664084494,-0.3490000069,-1.1034572124,-1.7400000095,-2.2699999809,-1.3275432587,-1.1304003000,1.7400000095,-2.2699999809,1.3100048304,-0.9672114253,0.5238519907,0.0960076228,1.4233036041,-0.4106516838,-0.2076175511,-0.8366841674,-0.5927637219,-0.0544920713,1.3558588028,-0.4891093671,0.3449999988
0.0124468589,0.0202690214,0.4505000114,0.0055876090,0.0296033975,0.0198524166,0.9993489385,0.1600069106,-0.3490000069,-1.1037291288,-1.7400000095,-2.2699999809,-1.3318139315,-1.1321930885,1.7400000095,-2.2699999809,1.3074961901,-0.9665752649,0.5229455233,0.0960076228,1.4227710962,-0.4096207619,-0.2110727727,-0.8378459215,-0.5924859047,-0.0533171743,1.3558588028,-0.4899924695,0.3449999988
0.0124468589,0.0202157814,0.4505000114,0.0063012554,0.0296164323,0.0196666531,0.9993479848,0.1572606713,-0.3490000069,-1.1039150953,-1.7400000095,-2.2699999809,-1.3348180056,-1.1342675686,1.7400000095,-2.2699999809,1.3061435223,-0.9647963047,0.5215504169,0.0960076302,1.4203698635,-0.4088320136,-0.2161730379,-0.8381454349,-0.5925288796,-0.0530766137,1.3559172153,-0.4922813475,0.3449999988
0.0124468589,0.0193179380,0.4505000114,0.0073321993,0.0296367072,0.0196360908,0.9993409514,0.1587973386,-0.3490000069,-1.1040252447,-1.7400000095,-2.2699999809,-1.3372771740,-1.1367093325,1.7400000095,-2.2699999809,1.3046010733,-0.9615901709,0.5203318000,0.0960076302,1.4150289297,-0.4081639051,-0.2209543735,-0.8381454349,-0.5937582254,-0.0543059483,1.3568626642,-0.4960625470,0.3449999988
0.0124468589,0.0180522222,0.4505000114,0.0081866039,0.0296400208,0.0196108799,0.9993346930,0.1595942378,-0.3490000069,-1.1045511961,-1.7400000095,-2.2699999809,-1.3394913673,-1.1376293898,1.7400000095,-2.2699999809,1.3025798798,-0.9591958523,0.5199747086,0.0959636644,1.4108716249,-0.4065953791,-0.2249831110,-0.8381014466,-0.5943956971,-0.0549874380,1.3580387831,-0.5002427101,0.3449999988
0.0124468589,0.0170550346,0.4505000114,0.0086323423,0.0292274300,0.0196020361,0.9993432760,0.1581434608,-0.3490000069,-1.1060507298,-1.7400000095,-2.2699999809,-1.3413796425,-1.1376293898,1.7400000095,-2.2699999809,1.3002136946,-0.9585961103,0.5211353302,0.0948030353,1.4103105068,-0.4037102163,-0.2278476954,-0.8369408250,-0.5932350755,-0.0549874380,1.3589229584,-0.5037990808,0.3449999988
0.0124468589,0.0161774345,0.4505000114,0.0091612944,0.0286154579,0.0195933394,0.9993564487,0.1571491957,-0.3490000069,-1.1068747044,-1.7400000095,-2.2699999809,-1.3420851231,-1.1376129389,1.7400000095,-2.2699999809,1.2983553410,-0.9571960568,0.5219306946,0.0940355211,1.4089913368,-0.4007339776,-0.2288119793,-0.8361628652,-0.5924396515,-0.0549734905,1.3606047630,-0.5061744452,0.3449999988
0.0124468589,0.0152321067,0.4505000114,0.0101182731,0.0281652771,0.0195714682,0.9993604422,0.1571491957,-0.3490000069,-1.1056498289,-1.7400000095,-2.2699999809,-1.3413928747,-1.1361144781,1.7400000095,-2.2699999809,1.2975279093,-0.9533044696,0.5219306946,0.0961838886,1.4042571783,-0.3985660374,-0.2287378460,-0.8375056386,-0.5924396515,-0.0538993031,1.3637242317,-0.5074742436,0.3449999988
0.0124468589,0.0142490426,0.4505000114,0.0111230500,0.0276997220,0.0195490606,0.9993632436,0.1571487039,-0.3490000069,-1.1028163433,-1.7400000095,-2.2699999809,-1.3400635719,-1.1335805655,1.7400000095,-2.2699999809,1.2969794273,-0.9494066238,0.5219318271,0.0980076268,1.4013131857,-0.3964502513,-0.2282964736,-0.8386454582,-0.5924389362,-0.0529874340,1.3669130802,-0.5095649958,0.3449999988
0.0124468589,0.0132824648,0.4505000114,0.0117899058,0.0270805936,0.0190546289,0.9993821383,0.1559239775,-0.3490000069,-1.0993096828,-1.7400000095,-2.2699999809,-1.3387138844,-1.1314152479,1.7400000095,-2.2699999809,1.2960745096,-0.9478155971,0.5238718987,0.0980076268,1.4013131857,-0.3937121928,-0.2261797786,-0.8386454582,-0.5912263989,-0.0529874340,1.3690317869,-0.5134912729,0.3449999988
0.0124468589,0.0123275248,0.4505000114,0.0121385232,0.0267205741,0.0185386389,0.9993973374,0.1524336040,-0.3490000069,-1.0973945856,-1.7400000095,-2.2699999809,-1.3376441002,-1.1288305521,1.7400000095,-2.2699999809,1.2954968214,-0.9474843144,0.5259205103,0.0980076268,1.4013131857,-0.3911281526,-0.2243209928,-0.8386454582,-0.5899460316,-0.0529874340,1.3711889982,-0.5159888864,0.3449999988
0.0124468589,0.0113687618,0.4505000114,0.0123521350,0.0267273709,0.0188729148,0.9993882775,0.1471941173,-0.3490000069,-1.0984532833,-1.7400000095,-2.2699999809,-1.3367815018,-1.1250094175,1.7400000095,-2.2699999809,1.2966188192,-0.9466901422,0.5259306431,0.0980076343,1.3985236883,-0.3895125091,-0.2251132429,-0.8398901820,-0.5901231170,-0.0538408421,1.3746829033,-0.5159999728,0.3442682028
0.0124468589,0.0104064820,0.4505000114,0.0129671693,0.0267470535,0.0194545649,0.9993687868,0.1425848752,-0.3490000069,-1.0998528004,-1.7400000095,-2.2699999809,-1.3346203566,-1.1214797497,1.7400000095,-2.2699999809,1.2995092869,-0.9440634251,0.5259306431,0.0980076343,1.3933742046,-0.3882210255,-0.2273957878,-0.8423450589,-0.5915554166,-0.0549604706,1.3791818619,-0.5159999728,0.3427123129
0.0124468589,0.0094450489,0.4505000114,0.0144441715,0.0260417741,0.0196837373,0.9993627071,0.1408613771,-0.3490000069,-1.0993330479,-1.7400000095,-2.2699999809,-1.3299726248,-1.1199272871,1.7400000095,-2.2699999809,1.3028542995,-0.9390174150,0.5250081420,0.0987456813,1.3909988403,-0.3862730861,-0.2306452990,-0.8438288569,-0.5951930285,-0.0542493872,1.3838448524,-0.5171541572,0.3415190279
0.0124468589,0.0084846318,0.4505000114,0.0161185190,0.0248786788,0.0197117198,0.9993661642,0.1400641501,-0.3490000069,-1.0984351635,-1.7400000095,-2.2699999809,-1.3262666464,-1.1186721325,1.7400000095,-2.2699999809,1.3049061298,-0.9351447225,0.5235115886,0.0999428853,1.3904684782,-0.3833146691,-0.2344297022,-0.8444994092,-0.5982913375,-0.0530521944,1.3877055645,-0.5199185014,0.3410174251
0.0124468589,0.0075239534,0.4505000114,0.0170205347,0.0248317197,0.0196907707,0.9993527532,0.1370104253,-0.3490000069,-1.0996904373,-1.7400000095,-2.2699999809,-1.3264399767,-1.1151880026,1.7400000095,-2.2699999809,1.3034299612,-0.9349649549,0.5238366127,0.0993817151,1.3892288208,-0.3793591857,-0.2382878065,-0.8453024626,-0.5980574489,-0.0529874302,1.3899761438,-0.5220448971,0.3409999907
0.0124468589,0.0065630884,0.4505000114,0.0173268728,0.0248377565,0.0196831580,0.9993475080,0.1315797269,-0.3490000069,-1.1038874388,-1.7400000095,-2.2699999809,-1.3276332617,-1.1104340553,1.7400000095,-2.2699999809,1.2994521856,-0.9349649549,0.5250433087,0.0981246829,1.3870397806,-0.3754506409,-0.2412620336,-0.8463327885,-0.5968561769,-0.0529874302,1.3916684389,-0.5238044858,0.3409999907
0.0124468589,0.0056026331,0.4505000114,0.0176706705,0.0248445235,0.0196746122,0.9993414879,0.1251278520,-0.3490000069,-1.1086908579,-1.7400000095,-2.2699999809,-1.3291816711,-1.1067879200,1.7400000095,-2.2699999809,1.2974457741,-0.9346130490,0.5261830688,0.0980076492,1.3847408295,-0.3729640841,-0.2425158322,-0.8473051786,-0.5955654979,-0.0529874302,1.3944498301,-0.5265338421,0.3398333192
0.0124468589,0.0046419194,0.4505000114,0.0181903951,0.0248547532,0.0196616892,0.9993321300,0.1190763414,-0.3490000069,-1.1129580736,-1.7400000095,-2.2699999809,-1.3306384087,-1.1039351225,1.7400000095,-2.2699999809,1.2967352867,-0.9334247708,0.5270859599,0.0980076492,1.3828588724,-0.3715527654,-0.2428056598,-0.8482445478,-0.5946415067,-0.0529874302,1.3977993727,-0.5298545957,0.3369102478
0.0124468589,0.0036797600,0.4505000114,0.0187369883,0.0248614922,0.0194397308,0.9993262291,0.1147409827,-0.3490000069,-1.1163257360,-1.7400000095,-2.2699999809,-1.3316239119,-1.1000360250,1.7400000095,-2.2699999809,1.2937320471,-0.9324010611,0.5280098319,0.0980076492,1.3816319704,-0.3698781133,-0.2421862334,-0.8493344188,-0.5942713618,-0.0529874302,1.3999850750,-0.5324307680,0.3374388218
0.0124468589,0.0027185010,0.4505000114,0.0192319229,0.0248580761,0.0187665094,0.9993298054,0.1114469320,-0.3490000069,-1.1186511517,-1.7400000095,-2.2699999809,-1.3320499659,-1.0945833921,1.7400000095,-2.2699999809,1.2880330086,-0.9315413237,0.5289897323,0.0980076492,1.3799101114,-0.3671930730,-0.2402009666,-0.8503476381,-0.5934788585,-0.0529874302,1.4007490873,-0.5339810252,0.3404167593
0.0124468589,0.0017625354,0.4505000114,0.0196286105,0.0248629190,0.0186272021,0.9993245602,0.1071480289,-0.3490000069,-1.1199797392,-1.7400000095,-2.2699999809,-1.3319311142,-1.0881291628,1.7400000095,-2.2699999809,1.2816314697,-0.9300747514,0.5299000740,0.0976031497,1.3757029772,-0.3632890582,-0.2428054512,-0.8508111835,-0.5905387402,-0.0528574809,1.4009993076,-0.5350560546,0.3392596841
0.0124468589,0.0008044668,0.4505000114,0.0200683642,0.0248711146,0.0186162591,0.9993158579,0.1020173728,-0.3490000069,-1.1209975481,-1.7400000095,-2.2699999809,-1.3312660456,-1.0822373629,1.7400000095,-2.2699999809,1.2763459682,-0.9280395508,0.5308204889,0.0959404260,1.3708350658,-0.3597030342,-0.2551095784,-0.8514887094,-0.5867556930,-0.0519061126,1.4027166367,-0.5369293094,0.3313238025
0.0124468589,-0.0001726974,0.4502610266,0.0208196193,0.0247642715,0.0185355339,0.9993046522,0.0982421488,-0.3490000069,-1.1229200363,-1.7400000095,-2.2699999809,-1.3318697214,-1.0792685747,1.7400000095,-2.2699999809,1.2736793756,-0.9262285233,0.5320047736,0.0955076516,1.3700522184,-0.3595986366,-0.2580731809,-0.8543715477,-0.5864175558,-0.0500517078,1.4087110758,-0.5414347649,0.3268019557
0.0124468589,-0.0011467582,0.4489419460,0.0218568314,0.0241131913,0.0180323943,0.9993076324,0.0960860327,-0.3490000069,-1.1252720356,-1.7400000095,-2.2699999809,-1.3361567259,-1.0781495571,1.7400000095,-2.2699999809,1.2721259594,-0.9251658916,0.5331510901,0.0955076516,1.3713713884,-0.3633457124,-0.2567541003,-0.8599013686,-0.5890556574,-0.0479085892,1.4177411795,-0.5477724671,0.3259567022
0.0124468589,-0.0020529907,0.4485000074,0.0227692295,0.0238924492,0.0173127931,0.9993052483,0.0935679600,-0.3490000069,-1.1257219315,-1.7400000095,-2.2699999809,-1.3373634815,-1.0739601851,1.7400000095,-2.2699999809,1.2668725252,-0.9249650240,0.5334305763,0.0953427926,1.3718132973,-0.3661135137,-0.2565333843,-0.8645008206,-0.5899394751,-0.0467370674,1.4239960909,-0.5521698594,0.3248973191
0.0124468589,-0.0029542586,0.4485000074,0.0235930067,0.0238927528,0.0167122055,0.9992963672,0.0905789435,-0.3490000069,-1.1244317293,-1.7400000095,-2.2699999809,-1.3352618217,-1.0669728518,1.7400000095,-2.2699999809,1.2586966753,-0.9249650240,0.5334305763,0.0940525159,1.3718132973,-0.3674356341,-0.2584700584,-0.8670244813,-0.5899394751,-0.0462659113,1.4262123108,-0.5537362099,0.3227504492
0.0124468589,-0.0040927446,0.4483973086,0.0249837749,0.0239133257,0.0165740065,0.9992643595,0.0896491781,-0.3490000069,-1.1241635084,-1.7400000095,-2.2699999809,-1.3331263065,-1.0647060871,1.7400000095,-2.2699999809,1.2564042807,-0.9250676632,0.5334305763,0.0935076624,1.3720185757,-0.3737894297,-0.2600829601,-0.8703535199,-0.5901448727,-0.0440072715,1.4298856258,-0.5558651686,0.3221796751
0.0124468589,-0.0053063906,0.4471535683,0.0267938580,0.0239602216,0.0171516817,0.9992066026,0.0896491781,-0.3490000069,-1.1281750202,-1.7400000095,-2.2699999809,-1.3320010900,-1.0656388998,1.7400000095,-2.2699999809,1.2613791227,-0.9263114333,0.5334305763,0.0935076624,1.3745061159,-0.3869638145,-0.2602848411,-0.8759859800,-0.5926322937,-0.0390262678,1.4376004934,-0.5595315695,0.3243562281
0.0124468589,-0.0057309805,0.4465000033,0.0274672303,0.0239808857,0.0174618643,0.9991824627,0.0894764289,-0.3490000069,-1.1332968473,-1.7400000095,-2.2699999809,-1.3300158978,-1.0660593510,1.7400000095,-2.2699999809,1.2639933825,-0.9269649982,0.5334305763,0.0934941918,1.3758132458,-0.3924998343,-0.2612401545,-0.8824422359,-0.5939394236,-0.0341617912,1.4459068775,-0.5609056354,0.3252574205
0.0124468589,-0.0057309805,0.4465000033,0.0274672303,0.0239808857,0.0174618643,0.9991824627,0.0850564986,-0.3490000069,-1.1366052628,-1.7400000095,-2.2699999809,-1.3259978294,-1.0641922951,1.7400000095,-2.2699999809,1.2639933825,-0.9269649982,0.5334305763,0.0931993276,1.3758132458,-0.3924998343,-0.2654373944,-0.8877635002,-0.5939394236,-0.0315954946,1.4515918493,-0.5588416457,0.3199498355
0.0124468589,-0.0057309805,0.4465000033,0.0274674725,0.0239806138,0.0174518991,0.9991825819,0.0790184438,-0.3490000069,-1.1392264366,-1.7400000095,-2.2699999809,-1.3209663630,-1.0612852573,1.7400000095,-2.2699999809,1.2640011311,-0.9269649982,0.5334305763,0.0930076763,1.3758132458,-0.3924308419,-0.2677972615,-0.8896448612,-0.5939394236,-0.0309874155,1.4533585310,-0.5575199723,0.3165199459
0.0124468589,-0.0057309805,0.4465000033,0.0274806246,0.0239655357,0.0169036128,0.9991920590,0.0752340853,-0.3490000069,-1.1423803568,-1.7400000095,-2.2699999809,-1.3159835339,-1.0588673353,1.7400000095,-2.2699999809,1.2647604942,-0.9269649982,0.5334305763,0.0930076763,1.3758132458,-0.3880288005,-0.2669741511,-0.8896448612,-0.5939394236,-0.0309874155,1.4533585310,-0.5586174726,0.3176173866
0.0124468589,-0.0057309805,0.4465000033,0.0274911970,0.0239534061,0.0164626725,0.9991993904,0.0719934180,-0.3490000069,-1.1460431814,-1.7400000095,-2.2699999809,-1.3114178181,-1.0570663214,1.7400000095,-2.2699999809,1.2671283484,-0.9269649982,0.5334305763,0.0930076763,1.3758132458,-0.3812577724,-0.2663125098,-0.8896448612,-0.5939394236,-0.0309874155,1.4533585310,-0.5594989061,0.3184977174
0.0124468589,-0.0057309805,0.4465000033,0.0274911970,0.0239534061,0.0164626725,0.9991993904,0.0674048588,-0.3490000069,-1.1500120163,-1.7400000095,-2.2699999809,-1.3075375557,-1.0557427406,1.7400000095,-2.2699999809,1.2712346315,-0.9269649982,0.5334305763,0.0930076763,1.3758132458,-0.3766873479,-0.2667184472,-0.8896448612,-0.5939394236,-0.0309874155,1.4533585310,-0.5588750243,0.3174999654
0.0124468589,-0.0057309805,0.4465000033,0.0274911970,0.0239534061,0.0164626725,0.9991993904,0.0623442531,-0.3490000069,-1.1542111635,-1.7400000095,-2.2699999809,-1.3046824932,-1.0546709299,1.7400000095,-2.2699999809,1.2758190632,-0.9269649982,0.5334305763,0.0930076763,1.3758132458,-0.3726938367,-0.2686821520,-0.8896448612,-0.5939394236,-0.0309874155,1.4533585310,-0.5575588346,0.3165022731
0.0124468589,-0.0057309805,0.4465000033,0.0274984781,0.0239450503,0.0161590017,0.9992043376,0.0580876879,-0.3490000069,-1.1585649252,-1.7400000095,-2.2699999809,-1.3031058311,-1.0536073446,1.7400000095,-2.2699999809,1.2796566486,-0.9269649982,0.5343131423,0.0930076763,1.3758132458,-0.3671644628,-0.2725850046,-0.8910665512,-0.5935720205,-0.0298175588,1.4551236629,-0.5562155247,0.3164999783
0.0124468589,-0.0057309805,0.4465000033,0.0275134016,0.0239278991,0.0155359078,0.9992142320,0.0549534857,-0.3490000069,-1.1628737450,-1.7400000095,-2.2699999809,-1.3025981188,-1.0523145199,1.7400000095,-2.2699999809,1.2830685377,-0.9269649982,0.5354105830,0.0930076763,1.3758132458,-0.3619677722,-0.2752693892,-0.8934485912,-0.5921938419,-0.0272982586,1.4573185444,-0.5555102825,0.3164999783
0.0124468589,-0.0057309805,0.4465000033,0.0275229178,0.0240659919,0.0150302863,0.9992184639,0.0529822558,-0.3490000069,-1.1669656038,-1.7400000095,-2.2699999809,-1.3036634922,-1.0507172346,1.7400000095,-2.2699999809,1.2867499590,-0.9269649982,0.5354305506,0.0935276002,1.3752933741,-0.3594836593,-0.2726289928,-0.8942177892,-0.5897714496,-0.0250496436,1.4565918446,-0.5562667251,0.3178415895
0.0124468589,-0.0057309805,0.4465000033,0.0275237467,0.0246944241,0.0145539865,0.9992101192,0.0521729924,-0.3490000069,-1.1710313559,-1.7400000095,-2.2699999809,-1.3061261177,-1.0496684313,1.7400000095,-2.2699999809,1.2910293341,-0.9269649982,0.5354305506,0.0947623625,1.3740586042,-0.3590021729,-0.2685008645,-0.8951383829,-0.5880083442,-0.0233053584,1.4554123878,-0.5574461818,0.3199056387
0.0124468589,-0.0057309805,0.4465000033,0.0275207143,0.0258647203,0.0139068170,0.9991897941,0.0521491729,-0.3490000069,-1.1753320694,-1.7400000095,-2.2699999809,-1.3079026937,-1.0502824783,1.7400000095,-2.2699999809,1.2959568501,-0.9269649982,0.5358132124,0.0957946107,1.3730263710,-0.3599006236,-0.2693427205,-0.9004413486,-0.5879395008,-0.0218670759,1.4573191404,-0.5556748509,0.3180392385
0.0124468589,-0.0057309805,0.4465000033,0.0275186133,0.0268032011,0.0134139471,0.9991718531,0.0521491729,-0.3490000069,-1.1796864271,-1.7400000095,-2.2699999809,-1.3085632324,-1.0515263081,1.7400000095,-2.2699999809,1.3004877567,-0.9269649982,0.5370213389,0.0966988131,1.3721221685,-0.3623347282,-0.2723728120,-0.9071260691,-0.5879395008,-0.0210380908,1.4610503912,-0.5519614220,0.3143080175
0.0124468589,-0.0057309805,0.4465000033,0.0275184792,0.0268683881,0.0133802639,0.9991706014,0.0525920056,-0.3490000069,-1.1836870909,-1.7400000095,-2.2699999809,-1.3079314232,-1.0512026548,1.7400000095,-2.2699999809,1.3032748699,-0.9264201522,0.5384194851,0.0979078636,1.3709131479,-0.3642109036,-0.2754109204,-0.9076446295,-0.5879395008,-0.0209874101,1.4613584280,-0.5511417985,0.3139999509
0.0124468589,-0.0057309805,0.4465000033,0.0275184792,0.0268683881,0.0133802639,0.9991706014,0.0540744290,-0.3490000069,-1.1866891384,-1.7400000095,-2.2699999809,-1.3053374290,-1.0497293472,1.7400000095,-2.2699999809,1.3048777580,-0.9251298904,0.5393425822,0.0989043713,1.3699166775,-0.3649503887,-0.2776801884,-0.9076446295,-0.5879395008,-0.0209874101,1.4613584280,-0.5510028601,0.3139999509
0.0124468589,-0.0057309805,0.4465000033,0.0275151990,0.0270891618,0.0133740185,0.9991648197,0.0554829612,-0.3490000069,-1.1880378723,-1.7400000095,-2.2699999809,-1.3018120527,-1.0482085943,1.7400000095,-2.2699999809,1.3068093061,-0.9254069328,0.5394304991,0.0990076885,1.3698133230,-0.3649998307,-0.2791558504,-0.9080865383,-0.5873450041,-0.0201035757,1.4609165192,-0.5510001183,0.3146628141
0.0124468589,-0.0057309805,0.4465000033,0.0275053885,0.0277481340,0.0133553697,0.9991471767,0.0566074476,-0.3490000069,-1.1887239218,-1.7400000095,-2.2699999809,-1.2983661890,-1.0470492840,1.7400000095,-2.2699999809,1.3088841438,-0.9267260432,0.5394304991,0.0990076885,1.3698133230,-0.3649998307,-0.2800280154,-0.9094056487,-0.5850145817,-0.0174653828,1.4595974684,-0.5510001183,0.3166414797
0.0124468589,-0.0057309805,0.4465000033,0.0275036134,0.0278675277,0.0133519899,0.9991439581,0.0579495765,-0.3490000069,-1.1907489300,-1.7400000095,-2.2699999809,-1.2959015369,-1.0461632013,1.7400000095,-2.2699999809,1.3098142147,-0.9269649982,0.5394304991,0.0990076885,1.3698133230,-0.3651936352,-0.2806417942,-0.9096446037,-0.5829492807,-0.0169874057,1.4593584538,-0.5510001183,0.3163670003
0.0124468589,-0.0057309805,0.4465000033,0.0275036134,0.0278675277,0.0133519899,0.9991439581,0.0602379292,-0.3490000069,-1.1933557987,-1.7400000095,-2.2699999809,-1.2947407961,-1.0450706482,1.7400000095,-2.2699999809,1.3102133274,-0.9269649982,0.5394304991,0.0990076885,1.3698133230,-0.3662575781,-0.2815153301,-0.9096446037,-0.5820453167,-0.0169874057,1.4593584538,-0.5510001183,0.3130851686
0.0127060730,-0.0057309805,0.4465000033,0.0274997503,0.0281265099,0.0133446585,0.9991369247,0.0642987564,-0.3490000069,-1.1938866377,-1.7400000095,-2.2699999809,-1.2950466871,-1.0430126190,1.7400000095,-2.2699999809,1.3123803139,-0.9269649982,0.5394304991,0.0987484753,1.3698133230,-0.3676756024,-0.2832914889,-0.9099038243,-0.5819395781,-0.0169874057,1.4596176147,-0.5511945486,0.3093515038
0.0140296016,-0.0057309805,0.4465000033,0.0274800174,0.0294488408,0.0133072156,0.9990998507,0.0686160251,-0.3490000069,-1.1938866377,-1.7400000095,-2.2699999809,-1.2973628044,-1.0406936407,1.7400000095,-2.2699999809,1.3160167933,-0.9269649982,0.5394304991,0.0974249542,1.3698133230,-0.3694422841,-0.2859889269,-0.9112273455,-0.5819395781,-0.0169874057,1.4609410763,-0.5521871448,0.3069578707
0.0144468592,-0.0056204153,0.4465000033,0.0274222065,0.0298624914,0.0132059418,0.9990905523,0.0696491748,-0.3490000069,-1.1940265894,-1.7400000095,-2.2699999809,-1.2980271578,-1.0401289463,1.7400000095,-2.2699999809,1.3169938326,-0.9267826676,0.5392481685,0.0970076919,1.3698792458,-0.3722532690,-0.2889395654,-0.9116445780,-0.5820541978,-0.0169874057,1.4610996246,-0.5521371365,0.3064999282
0.0144468592,-0.0046260837,0.4465000033,0.0269488543,0.0298384726,0.0125716748,0.9991123080,0.0696491748,-0.3490000069,-1.1951458454,-1.7400000095,-2.2699999809,-1.2972226143,-1.0401289463,1.7400000095,-2.2699999809,1.3169938326,-0.9254835248,0.5379490256,0.0970076919,1.3706837893,-0.3761416674,-0.2912332416,-0.9116445780,-0.5830655098,-0.0169874057,1.4589511156,-0.5490213633,0.3064999282
0.0144468592,-0.0033757794,0.4465000033,0.0263210852,0.0298236515,0.0123316180,0.9991324544,0.0696794167,-0.3490000069,-1.1960762739,-1.7400000095,-2.2699999809,-1.2954468727,-1.0402168036,1.7400000095,-2.2699999809,1.3170932531,-0.9249650240,0.5374305248,0.0971587598,1.3724610806,-0.3802104592,-0.2913734019,-0.9116445780,-0.5842691660,-0.0169169679,1.4568955898,-0.5456412435,0.3065089285
0.0144468592,-0.0024042584,0.4465000033,0.0258194059,0.0298174564,0.0123465918,0.9991455674,0.0704438984,-0.3490000069,-1.1963608265,-1.7400000095,-2.2699999809,-1.2933292389,-1.0411596298,1.7400000095,-2.2699999809,1.3184498549,-0.9249650240,0.5374305248,0.0990958288,1.3747005463,-0.3840038180,-0.2866595089,-0.9116445780,-0.5851706266,-0.0159838665,1.4560979605,-0.5437606573,0.3070150614
0.0144468592,-0.0015310487,0.4465000033,0.0254229959,0.0298117157,0.0123260925,0.9991561770,0.0728820041,-0.3490000069,-1.1963329315,-1.7400000095,-2.2699999809,-1.2926421165,-1.0416290760,1.7400000095,-2.2699999809,1.3204288483,-0.9248355031,0.5373657346,0.1014587134,1.3759425879,-0.3879091740,-0.2844256163,-0.9116445780,-0.5862102509,-0.0147254523,1.4549942017,-0.5420487523,0.3091940880
0.0144468592,-0.0005897016,0.4465000033,0.0250380654,0.0297917649,0.0117400130,0.9991735220,0.0768207312,-0.3490000069,-1.1951841116,-1.7400000095,-2.2699999809,-1.2937316895,-1.0416290760,1.7400000095,-2.2699999809,1.3219826221,-0.9224411249,0.5361685753,0.1027184576,1.3760646582,-0.3920820653,-0.2865207195,-0.9116445780,-0.5874408484,-0.0137434453,1.4527541399,-0.5393276215,0.3132969439
0.0144468592,0.0004155158,0.4465000033,0.0244247597,0.0297754072,0.0113898981,0.9991933107,0.0799512640,-0.3490000069,-1.1937159300,-1.7400000095,-2.2699999809,-1.2952978611,-1.0416084528,1.7400000095,-2.2699999809,1.3224936724,-0.9209756851,0.5354305506,0.1030076966,1.3764313459,-0.3960281909,-0.2877463996,-0.9116445780,-0.5879395008,-0.0128559526,1.4506150484,-0.5353511572,0.3175380528
0.0144468592,0.0014290961,0.4465000033,0.0234833062,0.0297646653,0.0114179486,0.9992158413,0.0810260251,-0.3490000069,-1.1928501129,-1.7400000095,-2.2699999809,-1.2964222431,-1.0406036377,1.7400000095,-2.2699999809,1.3224110603,-0.9216081500,0.5354305506,0.1030076966,1.3779906034,-0.3993563354,-0.2847591043,-0.9116445780,-0.5879395008,-0.0118868081,1.4495798349,-0.5304706097,0.3206144571
0.0144468592,0.0023170775,0.4465000033,0.0224801619,0.0297531877,0.0114478236,0.9992389083,0.0822832882,-0.3490000069,-1.1917968988,-1.7400000095,-2.2699999809,-1.2971272469,-1.0390421152,1.7400000095,-2.2699999809,1.3219478130,-0.9230750799,0.5354390740,0.1030115709,1.3804836273,-0.4021596313,-0.2811748087,-0.9116445780,-0.5879394412,-0.0109318858,1.4493585825,-0.5262989402,0.3231578469
0.0144468592,0.0030838633,0.4465000033,0.0215948354,0.0297430400,0.0114741819,0.9992583990,0.0855735540,-0.3490000069,-1.1897739172,-1.7400000095,-2.2699999809,-1.2978665829,-1.0379894972,1.7400000095,-2.2699999809,1.3207674026,-0.9250714183,0.5374994874,0.1041110009,1.3836785555,-0.4047521949,-0.2803350985,-0.9116445780,-0.5876744986,-0.0097827436,1.4493585825,-0.5237312317,0.3257114589
0.0144468592,0.0042371647,0.4465000033,0.0205640942,0.0297311842,0.0115048550,0.9992801547,0.0895740241,-0.3490000069,-1.1869497299,-1.7400000095,-2.2699999809,-1.3000228405,-1.0376291275,1.7400000095,-2.2699999809,1.3190323114,-0.9269334674,0.5413518548,0.1069344580,1.3882014751,-0.4079229534,-0.2788816988,-0.9116445780,-0.5859977603,-0.0070703216,1.4493585825,-0.5205902457,0.3274795711
0.0144468592,0.0061410670,0.4465000033,0.0191963613,0.0296901073,0.0102514112,0.9993222356,0.0928948745,-0.3490000069,-1.1836749315,-1.7400000095,-2.2699999809,-1.3045351505,-1.0390983820,1.7400000095,-2.2699999809,1.3170381784,-0.9281152487,0.5447522402,0.1107325107,1.3943551779,-0.4121500552,-0.2735394835,-0.9116445780,-0.5816440582,-0.0020069196,1.4462419748,-0.5150951147,0.3278729916
0.0144468592,0.0081037525,0.4465000033,0.0177905783,0.0296309330,0.0078204675,0.9993720055,0.0966677591,-0.3490000069,-1.1802357435,-1.7400000095,-2.2699999809,-1.3096368313,-1.0422877073,1.7400000095,-2.2699999809,1.3147490025,-0.9288894534,0.5472295284,0.1129830033,1.4003108740,-0.4161694646,-0.2673132122,-0.9116445780,-0.5763946176,0.0026963763,1.4395636320,-0.5098691583,0.3283646405
0.0144468592,0.0093445498,0.4465000033,0.0166667067,0.0295942686,0.0062057781,0.9994037747,0.1022479758,-0.3490000069,-1.1768150330,-1.7400000095,-2.2699999809,-1.3131484985,-1.0453321934,1.7400000095,-2.2699999809,1.3121501207,-0.9297000170,0.5487837195,0.1130077019,1.4041783810,-0.4187075794,-0.2638340890,-0.9100538492,-0.5730935931,0.0044861850,1.4334905148,-0.5078002214,0.3330942988
0.0144468592,0.0101265088,0.4465000033,0.0158447754,0.0295801070,0.0056660250,0.9994207621,0.1085603163,-0.3490000069,-1.1731274128,-1.7400000095,-2.2699999809,-1.3145580292,-1.0473953485,1.7400000095,-2.2699999809,1.3098279238,-0.9307402372,0.5494148135,0.1130077019,1.4068195820,-0.4209575355,-0.2610591054,-0.9077326059,-0.5719637871,0.0049012192,1.4304443598,-0.5068474412,0.3387904465
0.0144468592,0.0109952698,0.4465000033,0.0152503075,0.0295765437,0.0056716143,0.9994301200,0.1139518172,-0.3490000069,-1.1688153744,-1.7400000095,-2.2699999809,-1.3126881123,-1.0482466221,1.7400000095,-2.2699999809,1.3084667921,-0.9320248365,0.5494303703,0.1143706962,1.4097933769,-0.4246065319,-0.2559155822,-0.9083262086,-0.5726212263,0.0059114522,1.4303586483,-0.5038557053,0.3383184969
0.0144468592,0.0120001948,0.4465000033,0.0148179848,0.0295740888,0.0056844084,0.9994366169,0.1184878126,-0.3490000069,-1.1641280651,-1.7400000095,-2.2699999809,-1.3090053797,-1.0494532585,1.7400000095,-2.2699999809,1.3080103397,-0.9329126477,0.5494303703,0.1168293580,1.4130159616,-0.4289499819,-0.2515835464,-0.9095555544,-0.5738505125,0.0069447034,1.4303586483,-0.4995568097,0.3370891511
0.0144468592,0.0129915485,0.4465000033,0.0144637916,0.0295694061,0.0055130096,0.9994428754,0.1228294596,-0.3490000069,-1.1595449448,-1.7400000095,-2.2699999809,-1.3082277775,-1.0528968573,1.7400000095,-2.2699999809,1.3079940081,-0.9329648018,0.5494303703,0.1170077175,1.4157326221,-0.4324556589,-0.2532511652,-0.9092270136,-0.5739396811,0.0070126276,1.4286718369,-0.4961942434,0.3382309973
0.0144468592,0.0139418682,0.4465000033,0.0139922453,0.0295583867,0.0049328329,0.9994528890,0.1263556182,-0.3490000069,-1.1552791595,-1.7400000095,-2.2699999809,-1.3080946207,-1.0562901497,1.7400000095,-2.2699999809,1.3079940081,-0.9329648018,0.5494303703,0.1170077175,1.4174847603,-0.4353901446,-0.2592521310,-0.9069827199,-0.5739396811,0.0070126276,1.4227808714,-0.4946144819,0.3418610990
0.0144468592,0.0148883043,0.4465000033,0.0131620271,0.0295464490,0.0043697362,0.9994672537,0.1279465556,-0.3490000069,-1.1513288021,-1.7400000095,-2.2699999809,-1.3080459833,-1.0562787056,1.7400000095,-2.2699999809,1.3063991070,-0.9329648018,0.5498973727,0.1170077175,1.4180965424,-0.4388413131,-0.2642511725,-0.9024469256,-0.5734726787,0.0060785720,1.4159435034,-0.4945003688,0.3443535566
0.0144468592,0.0158502422,0.4465000033,0.0121536041,0.0295364205,0.0039434894,0.9994820356,0.1288133562,-0.3490000069,-1.1468338966,-1.7400000095,-2.2699999809,-1.3073410988,-1.0552936792,1.7400000095,-2.2699999809,1.3009554148,-0.9329648018,0.5512109399,0.1170077175,1.4188678265,-0.4421168566,-0.2669765949,-0.8982195854,-0.5721591115,0.0034514721,1.4102115631,-0.4945003688,0.3449825346
0.0144468592,0.0168324877,0.4465000033,0.0114076659,0.0295286756,0.0035501383,0.9994925261,0.1315944493,-0.3490000069,-1.1405102015,-1.7400000095,-2.2699999809,-1.3050183058,-1.0551704168,1.7400000095,-2.2699999809,1.2974489927,-0.9337668419,0.5514303446,0.1166383326,1.4219435453,-0.4435030818,-0.2688375711,-0.8976448774,-0.5719397068,0.0032508157,1.4065830708,-0.4937616289,0.3449999988
0.0144468592,0.0178011637,0.4465000033,0.0109851621,0.0295219626,0.0030930000,0.9994989634,0.1366664171,-0.3490000069,-1.1335850954,-1.7400000095,-2.2699999809,-1.3021419048,-1.0559893847,1.7400000095,-2.2699999809,1.2965312004,-0.9372779131,0.5514303446,0.1153092682,1.4270948172,-0.4442171156,-0.2701122761,-0.8976448774,-0.5719397068,0.0043758689,1.4048687220,-0.4911034703,0.3449999988
0.0144468592,0.0186969042,0.4462199211,0.0106316544,0.0295143463,0.0024958455,0.9995046854,0.1425076127,-0.3490000069,-1.1292567253,-1.7400000095,-2.2699999809,-1.3022922277,-1.0592620373,1.7400000095,-2.2699999809,1.2973036766,-0.9399735928,0.5519905090,0.1155678704,1.4321881533,-0.4485624135,-0.2694395483,-0.8976448774,-0.5720927715,0.0055213296,1.4039251804,-0.4919707775,0.3449999988
0.0144468592,0.0196138825,0.4448930919,0.0101809753,0.0295074750,0.0019490181,0.9995108247,0.1475931555,-0.3490000069,-1.1278774738,-1.7400000095,-2.2699999809,-1.3056093454,-1.0661561489,1.7400000095,-2.2699999809,1.3020130396,-0.9413957000,0.5546441674,0.1182215661,1.4369552135,-0.4575840235,-0.2645751238,-0.8976448774,-0.5731097460,0.0064089014,1.4030103683,-0.4989367723,0.3449999988
0.0144468592,0.0207909625,0.4444999993,0.0095753716,0.0295051113,0.0018449043,0.9995170832,0.1505176127,-0.3490000069,-1.1268422604,-1.7400000095,-2.2699999809,-1.3065418005,-1.0721957684,1.7400000095,-2.2699999809,1.3064856529,-0.9447298646,0.5552297831,0.1186066717,1.4430254698,-0.4598495662,-0.2606112659,-0.8976448774,-0.5745204091,0.0075173066,1.4018383026,-0.5009001493,0.3449999988
0.0144468592,0.0219560415,0.4444999993,0.0089954389,0.0295040365,0.0018620233,0.9995224476,0.1522247940,-0.3490000069,-1.1246002913,-1.7400000095,-2.2699999809,-1.3062151670,-1.0754452944,1.7400000095,-2.2699999809,1.3082695007,-0.9495324492,0.5539228916,0.1159928665,1.4491542578,-0.4588693678,-0.2593970001,-0.8976448774,-0.5756594539,0.0086900108,1.4006726742,-0.5002467036,0.3449999988
0.0144468592,0.0222690217,0.4444999993,0.0088419672,0.0295037478,0.0018665532,0.9995238185,0.1565892398,-0.3490000069,-1.1211289167,-1.7400000095,-2.2699999809,-1.3063299656,-1.0780440569,1.7400000095,-2.2699999809,1.3084282875,-0.9509645700,0.5534303188,0.1150077358,1.4508128166,-0.4584999382,-0.2593123317,-0.8976448774,-0.5759396553,0.0090126442,1.4003590345,-0.5000004768,0.3449999988
0.0144468592,0.0222690217,0.4444999993,0.0088419672,0.0295037478,0.0018665532,0.9995238185,0.1643275768,-0.3490000069,-1.1174068451,-1.7400000095,-2.2699999809,-1.3090542555,-1.0812202692,1.7400000095,-2.2699999809,1.3077934980,-0.9509645700,0.5534303188,0.1150077358,1.4508128166,-0.4584999382,-0.2593123317,-0.8976448774,-0.5759396553,0.0090126442,1.4003590345,-0.5000004768,0.3449999988
0.0144468592,0.0222690217,0.4444999993,0.0088374512,0.0295051020,0.0020195402,0.9995235205,0.1708863378,-0.3490000069,-1.1157475710,-1.7400000095,-2.2699999809,-1.3122481108,-1.0843518972,1.7400000095,-2.2699999809,1.3078321218,-0.9511941671,0.5533322096,0.1149312034,1.4508526325,-0.4584234357,-0.2590794861,-0.8974918723,-0.5760377645,0.0089361137,1.4004355669,-0.5000004768,0.3449999988
0.0144468592,0.0222690217,0.4444999993,0.0087657981,0.0295264646,0.0044460022,0.9995157123,0.1736680865,-0.3490000069,-1.1156339645,-1.7400000095,-2.2699999809,-1.3142486811,-1.0872336626,1.7400000095,-2.2699999809,1.3141014576,-0.9548355341,0.5514965653,0.1137173995,1.4516718388,-0.4572096169,-0.2550135255,-0.8950642347,-0.5778734088,0.0077223005,1.4016493559,-0.5000004768,0.3449999988
0.0144468592,0.0223040003,0.4444999993,0.0087064030,0.0295387767,0.0058651404,0.9995085001,0.1748447120,-0.3490000069,-1.1152325869,-1.7400000095,-2.2699999809,-1.3165705204,-1.0908017159,1.7400000095,-2.2699999809,1.3220731020,-0.9569644928,0.5490956903,0.1130427197,1.4530476332,-0.4565698802,-0.2508776784,-0.8936449289,-0.5802742839,0.0070126443,1.4022890329,-0.4998255968,0.3449999988
0.0144468592,0.0234446749,0.4444999993,0.0081363423,0.0295354240,0.0058819861,0.9995133281,0.1766361743,-0.3490000069,-1.1131972075,-1.7400000095,-2.2699999809,-1.3202803135,-1.0954585075,1.7400000095,-2.2699999809,1.3261115551,-0.9569644928,0.5477653146,0.1141833961,1.4543147087,-0.4588512480,-0.2494840622,-0.8936449289,-0.5816046596,0.0070126443,1.4000077248,-0.4941221774,0.3449999988
0.0144468592,0.0242690220,0.4444999993,0.0077243699,0.0295329988,0.0058941594,0.9995166063,0.1800007671,-0.3490000069,-1.1107139587,-1.7400000095,-2.2699999809,-1.3244152069,-1.0999540091,1.7400000095,-2.2699999809,1.3269937038,-0.9569644928,0.5474303961,0.1150077358,1.4548127651,-0.4604999423,-0.2493123114,-0.8936449289,-0.5819395781,0.0070126443,1.3983590603,-0.4900004566,0.3449999988
0.0144468592,0.0242690220,0.4444999993,0.0077243699,0.0295329988,0.0058941594,0.9995166063,0.1846727580,-0.3490000069,-1.1092872620,-1.7400000095,-2.2699999809,-1.3277349472,-1.1030207872,1.7400000095,-2.2699999809,1.3269935846,-0.9569644928,0.5474303961,0.1150077358,1.4548127651,-0.4604999423,-0.2493123114,-0.8936449289,-0.5819395781,0.0070126443,1.3983590603,-0.4900004566,0.3449999988
0.0144468592,0.0242690220,0.4444999993,0.0077243699,0.0295329988,0.0058941594,0.9995166063,0.1871491522,-0.3490000069,-1.1088857651,-1.7400000095,-2.2699999809,-1.3290922642,-1.1041288376,1.7400000095,-2.2699999809,1.3269935846,-0.9569644928,0.5474303961,0.1150077358,1.4548127651,-0.4604999423,-0.2493123114,-0.8936449289,-0.5819395781,0.0070126443,1.3983590603,-0.4900004566,0.3449999988
0.0144468592,0.0242690220,0.4444999993,0.0077243699,0.0295329988,0.0058941594,0.9995166063,0.1846727580,-0.3490000069,-1.1092872620,-1.7400000095,-2.2699999809,-1.3277349472,-1.1030207872,1.7400000095,-2.2699999809,1.3269935846,-0.9569644928,0.5474303961,0.1150077358,1.4548127651,-0.4604999423,-0.2493123114,-0.8936449289,-0.5819395781,0.0070126443,1.3983590603,-0.4900004566,0.3449999988
0.0144468592,0.0242690220,0.4444999993,0.0077243699,0.0295329988,0.0058941594,0.9995166063,0.1800007671,-0.3490000069,-1.1107139587,-1.7400000095,-2.2699999809,-1.3244152069,-1.0999540091,1.7400000095,-2.2699999809,1.3269937038,-0.9569644928,0.5474303961,0.1150077358,1.4548127651,-0.4604999423,-0.2493123114,-0.8936449289,-0.5819395781,0.0070126443,1.3983590603,-0.4900004566,0.3449999988
0.0144468592,0.0234446749,0.4444999993,0.0081363423,0.0295354240,0.0058819861,0.9995133281,0.1766361743,-0.3490000069,-1.1131972075,-1.7400000095,-2.2699999809,-1.3202803135,-1.0954585075,1.7400000095,-2.2699999809,1.3261115551,-0.9569644928,0.5477653146,0.1141833961,1.4543147087,-0.4588512480,-0.2494840622,-0.8936449289,-0.5816046596,0.0070126443,1.4000077248,-0.4941221774,0.3449999988
0.0144468592,0.0223040003,0.4444999993,0.0087064030,0.0295387767,0.0058651404,0.9995085001,0.1748447120,-0.3490000069,-1.1152325869,-1.7400000095,-2.2699999809,-1.3165705204,-1.0908017159,1.7400000095,-2.2699999809,1.3220731020,-0.9569644928,0.5490956903,0.1130427197,1.4530476332,-0.4565698802,-0.2508776784,-0.8936449289,-0.5802742839,0.0070126443,1.4022890329,-0.4998255968,0.3449999988
0.0144468592,0.0222690217,0.4444999993,0.0087657981,0.0295264646,0.0044460022,0.9995157123,0.1736680865,-0.3490000069,-1.1156339645,-1.7400000095,-2.2699999809,-1.3142486811,-1.0872336626,1.7400000095,-2.2699999809,1.3141014576,-0.9548355341,0.5514965653,0.1137173995,1.4516718388,-0.4572096169,-0.2550135255,-0.8950642347,-0.5778734088,0.0077223005,1.4016493559,-0.5000004768,0.3449999988
0.0144468592,0.0222690217,0.4444999993,0.0088374512,0.0295051020,0.0020195402,0.9995235205,0.1708863378,-0.3490000069,-1.1157475710,-1.7400000095,-2.2699999809,-1.3122481108,-1.0843518972,1.7400000095,-2.2699999809,1.3078321218,-0.9511941671,0.5533322096,0.1149312034,1.4508526325,-0.4584234357,-0.2590794861,-0.8974918723,-0.5760377645,0.0089361137,1.4004355669,-0.5000004768,0.3449999988
0.0144468592,0.0222690217,0.4444999993,0.0088419672,0.0295037478,0.0018665532,0.9995238185,0.1643275768,-0.3490000069,-1.1174068451,-1.7400000095,-2.2699999809,-1.3090542555,-1.0812202692,1.7400000095,-2.2699999809,1.3077934980,-0.9509645700,0.5534303188,0.1150077358,1.4508128166,-0.4584999382,-0.2593123317,-0.8976448774,-0.5759396553,0.0090126442,1.4003590345,-0.5000004768,0.3449999988
0.0144468592,0.0222690217,0.4444999993,0.0088419672,0.0295037478,0.0018665532,0.9995238185,0.1565892398,-0.3490000069,-1.1211289167,-1.7400000095,-2.2699999809,-1.3063299656,-1.0780440569,1.7400000095,-2.2699999809,1.3084282875,-0.9509645700,0.5534303188,0.1150077358,1.4508128166,-0.4584999382,-0.2593123317,-0.8976448774,-0.5759396553,0.0090126442,1.4003590345,-0.5000004768,0.3449999988
0.0144468592,0.0219560415,0.4444999993,0.0089954389,0.0295040365,0.0018620233,0.9995224476,0.1522247940,-0.3490000069,-1.1246002913,-1.7400000095,-2.2699999809,-1.3062151670,-1.0754452944,1.7400000095,-2.2699999809,1.3082695007,-0.9495324492,0.5539228916,0.1159928665,1.4491542578,-0.4588693678,-0.2593970001,-0.8976448774,-0.5756594539,0.0086900108,1.4006726742,-0.5002467036,0.3449999988
0.0144468592,0.0207909625,0.4444999993,0.0095753716,0.0295051113,0.0018449043,0.9995170832,0.1505176127,-0.3490000069,-1.1268422604,-1.7400000095,-2.2699999809,-1.3065418005,-1.0721957684,1.7400000095,-2.2699999809,1.3064856529,-0.9447298646,0.5552297831,0.1186066717,1.4430254698,-0.4598495662,-0.2606112659,-0.8976448774,-0.5745204091,0.0075173066,1.4018383026,-0.5009001493,0.3449999988
0.0144468592,0.0196138825,0.4448930919,0.0101809753,0.0295074750,0.0019490181,0.9995108247,0.1475931555,-0.3490000069,-1.1278774738,-1.7400000095,-2.2699999809,-1.3056093454,-1.0661561489,1.7400000095,-2.2699999809,1.3020130396,-0.9413957000,0.5546441674,0.1182215661,1.4369552135,-0.4575840235,-0.2645751238,-0.8976448774,-0.5731097460,0.0064089014,1.4030103683,-0.4989367723,0.3449999988
0.0144468592,0.0186969042,0.4462199211,0.0106316544,0.0295143463,0.0024958455,0.9995046854,0.1425076127,-0.3490000069,-1.1292567253,-1.7400000095,-2.2699999809,-1.3022922277,-1.0592620373,1.7400000095,-2.2699999809,1.2973036766,-0.9399735928,0.5519905090,0.1155678704,1.4321881533,-0.4485624135,-0.2694395483,-0.8976448774,-0.5720927715,0.0055213296,1.4039251804,-0.4919707775,0.3449999988
0.0144468592,0.0178011637,0.4465000033,0.0109851621,0.0295219626,0.0030930000,0.9994989634,0.1366664171,-0.3490000069,-1.1335850954,-1.7400000095,-2.2699999809,-1.3021419048,-1.0559893847,1.7400000095,-2.2699999809,1.2965312004,-0.9372779131,0.5514303446,0.1153092682,1.4270948172,-0.4442171156,-0.2701122761,-0.8976448774,-0.5719397068,0.0043758689,1.4048687220,-0.4911034703,0.3449999988
0.0144468592,0.0168324877,0.4465000033,0.0114076659,0.0295286756,0.0035501383,0.9994925261,0.1315944493,-0.3490000069,-1.1405102015,-1.7400000095,-2.2699999809,-1.3050183058,-1.0551704168,1.7400000095,-2.2699999809,1.2974489927,-0.9337668419,0.5514303446,0.1166383326,1.4219435453,-0.4435030818,-0.2688375711,-0.8976448774,-0.5719397068,0.0032508157,1.4065830708,-0.4937616289,0.3449999988
0.0144468592,0.0158502422,0.4465000033,0.0121536041,0.0295364205,0.0039434894,0.9994820356,0.1288133562,-0.3490000069,-1.1468338966,-1.7400000095,-2.2699999809,-1.3073410988,-1.0552936792,1.7400000095,-2.2699999809,1.3009554148,-0.9329648018,0.5512109399,0.1170077175,1.4188678265,-0.4421168566,-0.2669765949,-0.8982195854,-0.5721591115,0.0034514721,1.4102115631,-0.4945003688,0.3449825346
0.0144468592,0.0148883043,0.4465000033,0.0131620271,0.0295464490,0.0043697362,0.9994672537,0.1279465556,-0.3490000069,-1.1513288021,-1.7400000095,-2.2699999809,-1.3080459833,-1.0562787056,1.7400000095,-2.2699999809,1.3063991070,-0.9329648018,0.5498973727,0.1170077175,1.4180965424,-0.4388413131,-0.2642511725,-0.9024469256,-0.5734726787,0.0060785720,1.4159435034,-0.4945003688,0.3443535566
0.0144468592,0.0139418682,0.4465000033,0.0139922453,0.0295583867,0.0049328329,0.9994528890,0.1263556182,-0.3490000069,-1.1552791595,-1.7400000095,-2.2699999809,-1.3080946207,-1.0562901497,1.7400000095,-2.2699999809,1.3079940081,-0.9329648018,0.5494303703,0.1170077175,1.4174847603,-0.4353901446,-0.2592521310,-0.9069827199,-0.5739396811,0.0070126276,1.4227808714,-0.4946144819,0.3418610990
0.0144468592,0.0129915485,0.4465000033,0.0144637916,0.0295694061,0.0055130096,0.9994428754,0.1228294596,-0.3490000069,-1.1595449448,-1.7400000095,-2.2699999809,-1.3082277775,-1.0528968573,1.7400000095,-2.2699999809,1.3079940081,-0.9329648018,0.5494303703,0.1170077175,1.4157326221,-0.4324556589,-0.2532511652,-0.9092270136,-0.5739396811,0.0070126276,1.4286718369,-0.4961942434,0.3382309973
0.0144468592,0.0120001948,0.4465000033,0.0148179848,0.0295740888,0.0056844084,0.9994366169,0.1184878126,-0.3490000069,-1.1641280651,-1.7400000095,-2.2699999809,-1.3090053797,-1.0494532585,1.7400000095,-2.2699999809,1.3080103397,-0.9329126477,0.5494303703,0.1168293580,1.4130159616,-0.4289499819,-0.2515835464,-0.9095555544,-0.5738505125,0.0069447034,1.4303586483,-0.4995568097,0.3370891511
0.0144468592,0.0109952698,0.4465000033,0.0152503075,0.0295765437,0.0056716143,0.9994301200,0.1139518172,-0.3490000069,-1.1688153744,-1.7400000095,-2.2699999809,-1.3126881123,-1.0482466221,1.7400000095,-2.2699999809,1.3084667921,-0.9320248365,0.5494303703,0.1143706962,1.4097933769,-0.4246065319,-0.2559155822,-0.9083262086,-0.5726212263,0.0059114522,1.4303586483,-0.5038557053,0.3383184969
0.0144468592,0.0101265088,0.4465000033,0.0158447754,0.0295801070,0.0056660250,0.9994207621,0.1085603163,-0.3490000069,-1.1731274128,-1.7400000095,-2.2699999809,-1.3145580292,-1.0473953485,1.7400000095,-2.2699999809,1.3098279238,-0.9307402372,0.5494148135,0.1130077019,1.4068195820,-0.4209575355,-0.2610591054,-0.9077326059,-0.5719637871,0.0049012192,1.4304443598,-0.5068474412,0.3387904465
0.0144468592,0.0093445498,0.4465000033,0.0166667067,0.0295942686,0.0062057781,0.9994037747,0.1022479758,-0.3490000069,-1.1768150330,-1.7400000095,-2.2699999809,-1.3131484985,-1.0453321934,1.7400000095,-2.2699999809,1.3121501207,-0.9297000170,0.5487837195,0.1130077019,1.4041783810,-0.4187075794,-0.2638340890,-0.9100538492,-0.5730935931,0.0044861850,1.4334905148,-0.5078002214,0.3330942988
0.0144468592,0.0081037525,0.4465000033,0.0177905783,0.0296309330,0.0078204675,0.9993720055,0.0966677591,-0.3490000069,-1.1802357435,-1.7400000095,-2.2699999809,-1.3096368313,-1.0422877073,1.7400000095,-2.2699999809,1.3147490025,-0.9288894534,0.5472295284,0.1129830033,1.4003108740,-0.4161694646,-0.2673132122,-0.9116445780,-0.5763946176,0.0026963763,1.4395636320,-0.5098691583,0.3283646405
0.0144468592,0.0061410670,0.4465000033,0.0191963613,0.0296901073,0.0102514112,0.9993222356,0.0928948745,-0.3490000069,-1.1836749315,-1.7400000095,-2.2699999809,-1.3045351505,-1.0390983820,1.7400000095,-2.2699999809,1.3170381784,-0.9281152487,0.5447522402,0.1107325107,1.3943551779,-0.4121500552,-0.2735394835,-0.9116445780,-0.5816440582,-0.0020069196,1.4462419748,-0.5150951147,0.3278729916
0.0144468592,0.0042371647,0.4465000033,0.0205640942,0.0297311842,0.0115048550,0.9992801547,0.0895740241,-0.3490000069,-1.1869497299,-1.7400000095,-2.2699999809,-1.3000228405,-1.0376291275,1.7400000095,-2.2699999809,1.3190323114,-0.9269334674,0.5413518548,0.1069344580,1.3882014751,-0.4079229534,-0.2788816988,-0.9116445780,-0.5859977603,-0.0070703216,1.4493585825,-0.5205902457,0.3274795711
0.0144468592,0.0030838633,0.4465000033,0.0215948354,0.0297430400,0.0114741819,0.9992583990,0.0855735540,-0.3490000069,-1.1897739172,-1.7400000095,-2.2699999809,-1.2978665829,-1.0379894972,1.7400000095,-2.2699999809,1.3207674026,-0.9250714183,0.5374994874,0.1041110009,1.3836785555,-0.4047521949,-0.2803350985,-0.9116445780,-0.5876744986,-0.0097827436,1.4493585825,-0.5237312317,0.3257114589
0.0144468592,0.0023170775,0.4465000033,0.0224801619,0.0297531877,0.0114478236,0.9992389083,0.0822832882,-0.3490000069,-1.1917968988,-1.7400000095,-2.2699999809,-1.2971272469,-1.0390421152,1.7400000095,-2.2699999809,1.3219478130,-0.9230750799,0.5354390740,0.1030115709,1.3804836273,-0.4021596313,-0.2811748087,-0.9116445780,-0.5879394412,-0.0109318858,1.4493585825,-0.5262989402,0.3231578469
0.0144468592,0.0014290961,0.4465000033,0.0234833062,0.0297646653,0.0114179486,0.9992158413,0.0810260251,-0.3490000069,-1.1928501129,-1.7400000095,-2.2699999809,-1.2964222431,-1.0406036377,1.7400000095,-2.2699999809,1.3224110603,-0.9216081500,0.5354305506,0.1030076966,1.3779906034,-0.3993563354,-0.2847591043,-0.9116445780,-0.5879395008,-0.0118868081,1.4495798349,-0.5304706097,0.3206144571
0.0144468592,0.0004155158,0.4465000033,0.0244247597,0.0297754072,0.0113898981,0.9991933107,0.0799512640,-0.3490000069,-1.1937159300,-1.7400000095,-2.2699999809,-1.2952978611,-1.0416084528,1.7400000095,-2.2699999809,1.3224936724,-0.9209756851,0.5354305506,0.1030076966,1.3764313459,-0.3960281909,-0.2877463996,-0.9116445780,-0.5879395008,-0.0128559526,1.4506150484,-0.5353511572,0.3175380528
0.0144468592,-0.0005897016,0.4465000033,0.0250380654,0.0297917649,0.0117400130,0.9991735220,0.0768207312,-0.3490000069,-1.1951841116,-1.7400000095,-2.2699999809,-1.2937316895,-1.0416290760,1.7400000095,-2.2699999809,1.3219826221,-0.9224411249,0.5361685753,0.1027184576,1.3760646582,-0.3920820653,-0.2865207195,-0.9116445780,-0.5874408484,-0.0137434453,1.4527541399,-0.5393276215,0.3132969439
0.0144468592,-0.0015310487,0.4465000033,0.0254229959,0.0298117157,0.0123260925,0.9991561770,0.0728820041,-0.3490000069,-1.1963329315,-1.7400000095,-2.2699999809,-1.2926421165,-1.0416290760,1.7400000095,-2.2699999809,1.3204288483,-0.9248355031,0.5373657346,0.1014587134,1.3759425879,-0.3879091740,-0.2844256163,-0.9116445780,-0.5862102509,-0.0147254523,1.4549942017,-0.5420487523,0.3091940880
0.0144468592,-0.0024042584,0.4465000033,0.0258194059,0.0298174564,0.0123465918,0.9991455674,0.0704438984,-0.3490000069,-1.1963608265,-1.7400000095,-2.2699999809,-1.2933292389,-1.0411596298,1.7400000095,-2.2699999809,1.3184498549,-0.9249650240,0.5374305248,0.0990958288,1.3747005463,-0.3840038180,-0.2866595089,-0.9116445780,-0.5851706266,-0.0159838665,1.4560979605,-0.5437606573,0.3070150614
0.0144468592,-0.0033757794,0.4465000033,0.0263210852,0.0298236515,0.0123316180,0.9991324544,0.0696794167,-0.3490000069,-1.1960762739,-1.7400000095,-2.2699999809,-1.2954468727,-1.0402168036,1.7400000095,-2.2699999809,1.3170932531,-0.9249650240,0.5374305248,0.0971587598,1.3724610806,-0.3802104592,-0.2913734019,-0.9116445780,-0.5842691660,-0.0169169679,1.4568955898,-0.5456412435,0.3065089285
0.0144468592,-0.0046260837,0.4465000033,0.0269488543,0.0298384726,0.0125716748,0.9991123080,0.0696491748,-0.3490000069,-1.1951458454,-1.7400000095,-2.2699999809,-1.2972226143,-1.0401289463,1.7400000095,-2.2699999809,1.3169938326,-0.9254835248,0.5379490256,0.0970076919,1.3706837893,-0.3761416674,-0.2912332416,-0.9116445780,-0.5830655098,-0.0169874057,1.4589511156,-0.5490213633,0.3064999282
0.0144468592,-0.0056204153,0.4465000033,0.0274222065,0.0298624914,0.0132059418,0.9990905523,0.0696491748,-0.3490000069,-1.1940265894,-1.7400000095,-2.2699999809,-1.2980271578,-1.0401289463,1.7400000095,-2.2699999809,1.3169938326,-0.9267826676,0.5392481685,0.0970076919,1.3698792458,-0.3722532690,-0.2889395654,-0.9116445780,-0.5820541978,-0.0169874057,1.4610996246,-0.5521371365,0.3064999282
0.0140296016,-0.0057309805,0.4465000033,0.0274800174,0.0294488408,0.0133072156,0.9990998507,0.0686160251,-0.3490000069,-1.1938866377,-1.7400000095,-2.2699999809,-1.2973628044,-1.0406936407,1.7400000095,-2.2699999809,1.3160167933,-0.9269649982,0.5394304991,0.0974249542,1.3698133230,-0.3694422841,-0.2859889269,-0.9112273455,-0.5819395781,-0.0169874057,1.4609410763,-0.5521871448,0.3069578707
0.0127060730,-0.0057309805,0.4465000033,0.0274997503,0.0281265099,0.0133446585,0.9991369247,0.0642987564,-0.3490000069,-1.1938866377,-1.7400000095,-2.2699999809,-1.2950466871,-1.0430126190,1.7400000095,-2.2699999809,1.3123803139,-0.9269649982,0.5394304991,0.0987484753,1.3698133230,-0.3676756024,-0.2832914889,-0.9099038243,-0.5819395781,-0.0169874057,1.4596176147,-0.5511945486,0.3093515038
0.0124468589,-0.0057309805,0.4465000033,0.0275036134,0.0278675277,0.0133519899,0.9991439581,0.0602379292,-0.3490000069,-1.1933557987,-1.7400000095,-2.2699999809,-1.2947407961,-1.0450706482,1.7400000095,-2.2699999809,1.3102133274,-0.9269649982,0.5394304991,0.0990076885,1.3698133230,-0.3662575781,-0.2815153301,-0.9096446037,-0.5820453167,-0.0169874057,1.4593584538,-0.5510001183,0.3130851686
0.0124468589,-0.0057309805,0.4465000033,0.0275036134,0.0278675277,0.0133519899,0.9991439581,0.0579495765,-0.3490000069,-1.1907489300,-1.7400000095,-2.2699999809,-1.2959015369,-1.0461632013,1.7400000095,-2.2699999809,1.3098142147,-0.9269649982,0.5394304991,0.0990076885,1.3698133230,-0.3651936352,-0.2806417942,-0.9096446037,-0.5829492807,-0.0169874057,1.4593584538,-0.5510001183,0.3163670003
0.0124468589,-0.0057309805,0.4465000033,0.0275053885,0.0277481340,0.0133553697,0.9991471767,0.0566074476,-0.3490000069,-1.1887239218,-1.7400000095,-2.2699999809,-1.2983661890,-1.0470492840,1.7400000095,-2.2699999809,1.3088841438,-0.9267260432,0.5394304991,0.0990076885,1.3698133230,-0.3649998307,-0.2800280154,-0.9094056487,-0.5850145817,-0.0174653828,1.4595974684,-0.5510001183,0.3166414797
0.0124468589,-0.0057309805,0.4465000033,0.0275151990,0.0270891618,0.0133740185,0.9991648197,0.0554829612,-0.3490000069,-1.1880378723,-1.7400000095,-2.2699999809,-1.3018120527,-1.0482085943,1.7400000095,-2.2699999809,1.3068093061,-0.9254069328,0.5394304991,0.0990076885,1.3698133230,-0.3649998307,-0.2791558504,-0.9080865383,-0.5873450041,-0.0201035757,1.4609165192,-0.5510001183,0.3146628141
0.0124468589,-0.0057309805,0.4465000033,0.0275184792,0.0268683881,0.0133802639,0.9991706014,0.0540744290,-0.3490000069,-1.1866891384,-1.7400000095,-2.2699999809,-1.3053374290,-1.0497293472,1.7400000095,-2.2699999809,1.3048777580,-0.9251298904,0.5393425822,0.0989043713,1.3699166775,-0.3649503887,-0.2776801884,-0.9076446295,-0.5879395008,-0.0209874101,1.4613584280,-0.5510028601,0.3139999509
0.0124468589,-0.0057309805,0.4465000033,0.0275184792,0.0268683881,0.0133802639,0.9991706014,0.0525920056,-0.3490000069,-1.1836870909,-1.7400000095,-2.2699999809,-1.3079314232,-1.0512026548,1.7400000095,-2.2699999809,1.3032748699,-0.9264201522,0.5384194851,0.0979078636,1.3709131479,-0.3642109036,-0.2754109204,-0.9076446295,-0.5879395008,-0.0209874101,1.4613584280,-0.5511417985,0.3139999509
0.0124468589,-0.0057309805,0.4465000033,0.0275186133,0.0268032011,0.0134139471,0.9991718531,0.0521491729,-0.3490000069,-1.1796864271,-1.7400000095,-2.2699999809,-1.3085632324,-1.0515263081,1.7400000095,-2.2699999809,1.3004877567,-0.9269649982,0.5370213389,0.0966988131,1.3721221685,-0.3623347282,-0.2723728120,-0.9071260691,-0.5879395008,-0.0210380908,1.4610503912,-0.5519614220,0.3143080175
0.0124468589,-0.0057309805,0.4465000033,0.0275207143,0.0258647203,0.0139068170,0.9991897941,0.0521491729,-0.3490000069,-1.1753320694,-1.7400000095,-2.2699999809,-1.3079026937,-1.0502824783,1.7400000095,-2.2699999809,1.2959568501,-0.9269649982,0.5358132124,0.0957946107,1.3730263710,-0.3599006236,-0.2693427205,-0.9004413486,-0.5879395008,-0.0218670759,1.4573191404,-0.5556748509,0.3180392385
0.0124468589,-0.0057309805,0.4465000033,0.0275237467,0.0246944241,0.0145539865,0.9992101192,0.0521729924,-0.3490000069,-1.1710313559,-1.7400000095,-2.2699999809,-1.3061261177,-1.0496684313,1.7400000095,-2.2699999809,1.2910293341,-0.9269649982,0.5354305506,0.0947623625,1.3740586042,-0.3590021729,-0.2685008645,-0.8951383829,-0.5880083442,-0.0233053584,1.4554123878,-0.5574461818,0.3199056387
0.0124468589,-0.0057309805,0.4465000033,0.0275229178,0.0240659919,0.0150302863,0.9992184639,0.0529822558,-0.3490000069,-1.1669656038,-1.7400000095,-2.2699999809,-1.3036634922,-1.0507172346,1.7400000095,-2.2699999809,1.2867499590,-0.9269649982,0.5354305506,0.0935276002,1.3752933741,-0.3594836593,-0.2726289928,-0.8942177892,-0.5897714496,-0.0250496436,1.4565918446,-0.5562667251,0.3178415895
0.0124468589,-0.0057309805,0.4465000033,0.0275134016,0.0239278991,0.0155359078,0.9992142320,0.0549534857,-0.3490000069,-1.1628737450,-1.7400000095,-2.2699999809,-1.3025981188,-1.0523145199,1.7400000095,-2.2699999809,1.2830685377,-0.9269649982,0.5354105830,0.0930076763,1.3758132458,-0.3619677722,-0.2752693892,-0.8934485912,-0.5921938419,-0.0272982586,1.4573185444,-0.5555102825,0.3164999783
0.0124468589,-0.0057309805,0.4465000033,0.0274984781,0.0239450503,0.0161590017,0.9992043376,0.0580876879,-0.3490000069,-1.1585649252,-1.7400000095,-2.2699999809,-1.3031058311,-1.0536073446,1.7400000095,-2.2699999809,1.2796566486,-0.9269649982,0.5343131423,0.0930076763,1.3758132458,-0.3671644628,-0.2725850046,-0.8910665512,-0.5935720205,-0.0298175588,1.4551236629,-0.5562155247,0.3164999783
0.0124468589,-0.0057309805,0.4465000033,0.0274911970,0.0239534061,0.0164626725,0.9991993904,0.0623442531,-0.3490000069,-1.1542111635,-1.7400000095,-2.2699999809,-1.3046824932,-1.0546709299,1.7400000095,-2.2699999809,1.2758190632,-0.9269649982,0.5334305763,0.0930076763,1.3758132458,-0.3726938367,-0.2686821520,-0.8896448612,-0.5939394236,-0.0309874155,1.4533585310,-0.5575588346,0.3165022731
0.0124468589,-0.0057309805,0.4465000033,0.0274911970,0.0239534061,0.0164626725,0.9991993904,0.0674048588,-0.3490000069,-1.1500120163,-1.7400000095,-2.2699999809,-1.3075375557,-1.0557427406,1.7400000095,-2.2699999809,1.2712346315,-0.9269649982,0.5334305763,0.0930076763,1.3758132458,-0.3766873479,-0.2667184472,-0.8896448612,-0.5939394236,-0.0309874155,1.4533585310,-0.5588750243,0.3174999654
0.0124468589,-0.0057309805,0.4465000033,0.0274911970,0.0239534061,0.0164626725,0.9991993904,0.0719934180,-0.3490000069,-1.1460431814,-1.7400000095,-2.2699999809,-1.3114178181,-1.0570663214,1.7400000095,-2.2699999809,1.2671283484,-0.9269649982,0.5334305763,0.0930076763,1.3758132458,-0.3812577724,-0.2663125098,-0.8896448612,-0.5939394236,-0.0309874155,1.4533585310,-0.5594989061,0.3184977174
0.0124468589,-0.0057309805,0.4465000033,0.0274806246,0.0239655357,0.0169036128,0.9991920590,0.0752340853,-0.3490000069,-1.1423803568,-1.7400000095,-2.2699999809,-1.3159835339,-1.0588673353,1.7400000095,-2.2699999809,1.2647604942,-0.9269649982,0.5334305763,0.0930076763,1.3758132458,-0.3880288005,-0.2669741511,-0.8896448612,-0.5939394236,-0.0309874155,1.4533585310,-0.5586174726,0.3176173866
0.0124468589,-0.0057309805,0.4465000033,0.0274674725,0.0239806138,0.0174518991,0.9991825819,0.0790184438,-0.3490000069,-1.1392264366,-1.7400000095,-2.2699999809,-1.3209663630,-1.0612852573,1.7400000095,-2.2699999809,1.2640011311,-0.9269649982,0.5334305763,0.0930076763,1.3758132458,-0.3924308419,-0.2677972615,-0.8896448612,-0.5939394236,-0.0309874155,1.4533585310,-0.5575199723,0.3165199459
0.0124468589,-0.0057309805,0.4465000033,0.0274672303,0.0239808857,0.0174618643,0.9991824627,0.0850564986,-0.3490000069,-1.1366052628,-1.7400000095,-2.2699999809,-1.3259978294,-1.0641922951,1.7400000095,-2.2699999809,1.2639933825,-0.9269649982,0.5334305763,0.0931993276,1.3758132458,-0.3924998343,-0.2654373944,-0.8877635002,-0.5939394236,-0.0315954946,1.4515918493,-0.5588416457,0.3199498355
0.0124468589,-0.0057309805,0.4465000033,0.0274672303,0.0239808857,0.0174618643,0.9991824627,0.0894764289,-0.3490000069,-1.1332968473,-1.7400000095,-2.2699999809,-1.3300158978,-1.0660593510,1.7400000095,-2.2699999809,1.2639933825,-0.9269649982,0.5334305763,0.0934941918,1.3758132458,-0.3924998343,-0.2612401545,-0.8824422359,-0.5939394236,-0.0341617912,1.4459068775,-0.5609056354,0.3252574205
0.0124468589,-0.0053063906,0.4471535683,0.0267938580,0.0239602216,0.0171516817,0.9992066026,0.0896491781,-0.3490000069,-1.1281750202,-1.7400000095,-2.2699999809,-1.3320010900,-1.0656388998,1.7400000095,-2.2699999809,1.2613791227,-0.9263114333,0.5334305763,0.0935076624,1.3745061159,-0.3869638145,-0.2602848411,-0.8759859800,-0.5926322937,-0.0390262678,1.4376004934,-0.5595315695,0.3243562281
0.0124468589,-0.0040927446,0.4483973086,0.0249837749,0.0239133257,0.0165740065,0.9992643595,0.0896491781,-0.3490000069,-1.1241635084,-1.7400000095,-2.2699999809,-1.3331263065,-1.0647060871,1.7400000095,-2.2699999809,1.2564042807,-0.9250676632,0.5334305763,0.0935076624,1.3720185757,-0.3737894297,-0.2600829601,-0.8703535199,-0.5901448727,-0.0440072715,1.4298856258,-0.5558651686,0.3221796751
0.0124468589,-0.0029542586,0.4485000074,0.0235930067,0.0238927528,0.0167122055,0.9992963672,0.0905789435,-0.3490000069,-1.1244317293,-1.7400000095,-2.2699999809,-1.3352618217,-1.0669728518,1.7400000095,-2.2699999809,1.2586966753,-0.9249650240,0.5334305763,0.0940525159,1.3718132973,-0.3674356341,-0.2584700584,-0.8670244813,-0.5899394751,-0.0462659113,1.4262123108,-0.5537362099,0.3227504492
0.0124468589,-0.0020529907,0.4485000074,0.0227692295,0.0238924492,0.0173127931,0.9993052483,0.0935679600,-0.3490000069,-1.1257219315,-1.7400000095,-2.2699999809,-1.3373634815,-1.0739601851,1.7400000095,-2.2699999809,1.2668725252,-0.9249650240,0.5334305763,0.0953427926,1.3718132973,-0.3661135137,-0.2565333843,-0.8645008206,-0.5899394751,-0.0467370674,1.4239960909,-0.5521698594,0.3248973191
0.0124468589,-0.0011467582,0.4489419460,0.0218568314,0.0241131913,0.0180323943,0.9993076324,0.0960860327,-0.3490000069,-1.1252720356,-1.7400000095,-2.2699999809,-1.3361567259,-1.0781495571,1.7400000095,-2.2699999809,1.2721259594,-0.9251658916,0.5331510901,0.0955076516,1.3713713884,-0.3633457124,-0.2567541003,-0.8599013686,-0.5890556574,-0.0479085892,1.4177411795,-0.5477724671,0.3259567022
0.0124468589,-0.0001726974,0.4502610266,0.0208196193,0.0247642715,0.0185355339,0.9993046522,0.0982421488,-0.3490000069,-1.1229200363,-1.7400000095,-2.2699999809,-1.3318697214,-1.0792685747,1.7400000095,-2.2699999809,1.2736793756,-0.9262285233,0.5320047736,0.0955076516,1.3700522184,-0.3595986366,-0.2580731809,-0.8543715477,-0.5864175558,-0.0500517078,1.4087110758,-0.5414347649,0.3268019557
0.0124468589,0.0008044668,0.4505000114,0.0200683642,0.0248711146,0.0186162591,0.9993158579,0.1020173728,-0.3490000069,-1.1209975481,-1.7400000095,-2.2699999809,-1.3312660456,-1.0822373629,1.7400000095,-2.2699999809,1.2763459682,-0.9280395508,0.5308204889,0.0959404260,1.3708350658,-0.3597030342,-0.2551095784,-0.8514887094,-0.5867556930,-0.0519061126,1.4027166367,-0.5369293094,0.3313238025
0.0124468589,0.0017625354,0.4505000114,0.0196286105,0.0248629190,0.0186272021,0.9993245602,0.1071480289,-0.3490000069,-1.1199797392,-1.7400000095,-2.2699999809,-1.3319311142,-1.0881291628,1.7400000095,-2.2699999809,1.2816314697,-0.9300747514,0.5299000740,0.0976031497,1.3757029772,-0.3632890582,-0.2428054512,-0.8508111835,-0.5905387402,-0.0528574809,1.4009993076,-0.5350560546,0.3392596841
0.0124468589,0.0027185010,0.4505000114,0.0192319229,0.0248580761,0.0187665094,0.9993298054,0.1114469320,-0.3490000069,-1.1186511517,-1.7400000095,-2.2699999809,-1.3320499659,-1.0945833921,1.7400000095,-2.2699999809,1.2880330086,-0.9315413237,0.5289897323,0.0980076492,1.3799101114,-0.3671930730,-0.2402009666,-0.8503476381,-0.5934788585,-0.0529874302,1.4007490873,-0.5339810252,0.3404167593
0.0124468589,0.0036797600,0.4505000114,0.0187369883,0.0248614922,0.0194397308,0.9993262291,0.1147409827,-0.3490000069,-1.1163257360,-1.7400000095,-2.2699999809,-1.3316239119,-1.1000360250,1.7400000095,-2.2699999809,1.2937320471,-0.9324010611,0.5280098319,0.0980076492,1.3816319704,-0.3698781133,-0.2421862334,-0.8493344188,-0.5942713618,-0.0529874302,1.3999850750,-0.5324307680,0.3374388218
0.0124468589,0.0046419194,0.4505000114,0.0181903951,0.0248547532,0.0196616892,0.9993321300,0.1190763414,-0.3490000069,-1.1129580736,-1.7400000095,-2.2699999809,-1.3306384087,-1.1039351225,1.7400000095,-2.2699999809,1.2967352867,-0.9334247708,0.5270859599,0.0980076492,1.3828588724,-0.3715527654,-0.2428056598,-0.8482445478,-0.5946415067,-0.0529874302,1.3977993727,-0.5298545957,0.3369102478
0.0124468589,0.0056026331,0.4505000114,0.0176706705,0.0248445235,0.0196746122,0.9993414879,0.1251278520,-0.3490000069,-1.1086908579,-1.7400000095,-2.2699999809,-1.3291816711,-1.1067879200,1.7400000095,-2.2699999809,1.2974457741,-0.9346130490,0.5261830688,0.0980076492,1.3847408295,-0.3729640841,-0.2425158322,-0.8473051786,-0.5955654979,-0.0529874302,1.3944498301,-0.5265338421,0.3398333192
0.0124468589,0.0065630884,0.4505000114,0.0173268728,0.0248377565,0.0196831580,0.9993475080,0.1315797269,-0.3490000069,-1.1038874388,-1.7400000095,-2.2699999809,-1.3276332617,-1.1104340553,1.7400000095,-2.2699999809,1.2994521856,-0.9349649549,0.5250433087,0.0981246829,1.3870397806,-0.3754506409,-0.2412620336,-0.8463327885,-0.5968561769,-0.0529874302,1.3916684389,-0.5238044858,0.3409999907
0.0124468589,0.0075239534,0.4505000114,0.0170205347,0.0248317197,0.0196907707,0.9993527532,0.1370104253,-0.3490000069,-1.0996904373,-1.7400000095,-2.2699999809,-1.3264399767,-1.1151880026,1.7400000095,-2.2699999809,1.3034299612,-0.9349649549,0.5238366127,0.0993817151,1.3892288208,-0.3793591857,-0.2382878065,-0.8453024626,-0.5980574489,-0.0529874302,1.3899761438,-0.5220448971,0.3409999907
0.0124468589,0.0084846318,0.4505000114,0.0161185190,0.0248786788,0.0197117198,0.9993661642,0.1400641501,-0.3490000069,-1.0984351635,-1.7400000095,-2.2699999809,-1.3262666464,-1.1186721325,1.7400000095,-2.2699999809,1.3049061298,-0.9351447225,0.5235115886,0.0999428853,1.3904684782,-0.3833146691,-0.2344297022,-0.8444994092,-0.5982913375,-0.0530521944,1.3877055645,-0.5199185014,0.3410174251
0.0124468589,0.0094450489,0.4505000114,0.0144441715,0.0260417741,0.0196837373,0.9993627071,0.1408613771,-0.3490000069,-1.0993330479,-1.7400000095,-2.2699999809,-1.3299726248,-1.1199272871,1.7400000095,-2.2699999809,1.3028542995,-0.9390174150,0.5250081420,0.0987456813,1.3909988403,-0.3862730861,-0.2306452990,-0.8438288569,-0.5951930285,-0.0542493872,1.3838448524,-0.5171541572,0.3415190279
0.0124468589,0.0104064820,0.4505000114,0.0129671693,0.0267470535,0.0194545649,0.9993687868,0.1425848752,-0.3490000069,-1.0998528004,-1.7400000095,-2.2699999809,-1.3346203566,-1.1214797497,1.7400000095,-2.2699999809,1.2995092869,-0.9440634251,0.5259306431,0.0980076343,1.3933742046,-0.3882210255,-0.2273957878,-0.8423450589,-0.5915554166,-0.0549604706,1.3791818619,-0.5159999728,0.3427123129
0.0124468589,0.0113687618,0.4505000114,0.0123521350,0.0267273709,0.0188729148,0.9993882775,0.1471941173,-0.3490000069,-1.0984532833,-1.7400000095,-2.2699999809,-1.3367815018,-1.1250094175,1.7400000095,-2.2699999809,1.2966188192,-0.9466901422,0.5259306431,0.0980076343,1.3985236883,-0.3895125091,-0.2251132429,-0.8398901820,-0.5901231170,-0.0538408421,1.3746829033,-0.5159999728,0.3442682028
0.0124468589,0.0123275248,0.4505000114,0.0121385232,0.0267205741,0.0185386389,0.9993973374,0.1524336040,-0.3490000069,-1.0973945856,-1.7400000095,-2.2699999809,-1.3376441002,-1.1288305521,1.7400000095,-2.2699999809,1.2954968214,-0.9474843144,0.5259205103,0.0980076268,1.4013131857,-0.3911281526,-0.2243209928,-0.8386454582,-0.5899460316,-0.0529874340,1.3711889982,-0.5159888864,0.3449999988
0.0124468589,0.0132824648,0.4505000114,0.0117899058,0.0270805936,0.0190546289,0.9993821383,0.1559239775,-0.3490000069,-1.0993096828,-1.7400000095,-2.2699999809,-1.3387138844,-1.1314152479,1.7400000095,-2.2699999809,1.2960745096,-0.9478155971,0.5238718987,0.0980076268,1.4013131857,-0.3937121928,-0.2261797786,-0.8386454582,-0.5912263989,-0.0529874340,1.3690317869,-0.5134912729,0.3449999988
0.0124468589,0.0142490426,0.4505000114,0.0111230500,0.0276997220,0.0195490606,0.9993632436,0.1571487039,-0.3490000069,-1.1028163433,-1.7400000095,-2.2699999809,-1.3400635719,-1.1335805655,1.7400000095,-2.2699999809,1.2969794273,-0.9494066238,0.5219318271,0.0980076268,1.4013131857,-0.3964502513,-0.2282964736,-0.8386454582,-0.5924389362,-0.0529874340,1.3669130802,-0.5095649958,0.3449999988
0.0124468589,0.0152321067,0.4505000114,0.0101182731,0.0281652771,0.0195714682,0.9993604422,0.1571491957,-0.3490000069,-1.1056498289,-1.7400000095,-2.2699999809,-1.3413928747,-1.1361144781,1.7400000095,-2.2699999809,1.2975279093,-0.9533044696,0.5219306946,0.0961838886,1.4042571783,-0.3985660374,-0.2287378460,-0.8375056386,-0.5924396515,-0.0538993031,1.3637242317,-0.5074742436,0.3449999988
0.0124468589,0.0161774345,0.4505000114,0.0091612944,0.0286154579,0.0195933394,0.9993564487,0.1571491957,-0.3490000069,-1.1068747044,-1.7400000095,-2.2699999809,-1.3420851231,-1.1376129389,1.7400000095,-2.2699999809,1.2983553410,-0.9571960568,0.5219306946,0.0940355211,1.4089913368,-0.4007339776,-0.2288119793,-0.8361628652,-0.5924396515,-0.0549734905,1.3606047630,-0.5061744452,0.3449999988
0.0124468589,0.0170550346,0.4505000114,0.0086323423,0.0292274300,0.0196020361,0.9993432760,0.1581434608,-0.3490000069,-1.1060507298,-1.7400000095,-2.2699999809,-1.3413796425,-1.1376293898,1.7400000095,-2.2699999809,1.3002136946,-0.9585961103,0.5211353302,0.0948030353,1.4103105068,-0.4037102163,-0.2278476954,-0.8369408250,-0.5932350755,-0.0549874380,1.3589229584,-0.5037990808,0.3449999988
0.0124468589,0.0180522222,0.4505000114,0.0081866039,0.0296400208,0.0196108799,0.9993346930,0.1595942378,-0.3490000069,-1.1045511961,-1.7400000095,-2.2699999809,-1.3394913673,-1.1376293898,1.7400000095,-2.2699999809,1.3025798798,-0.9591958523,0.5199747086,0.0959636644,1.4108716249,-0.4065953791,-0.2249831110,-0.8381014466,-0.5943956971,-0.0549874380,1.3580387831,-0.5002427101,0.3449999988
0.0124468589,0.0193179380,0.4505000114,0.0073321993,0.0296367072,0.0196360908,0.9993409514,0.1587973386,-0.3490000069,-1.1040252447,-1.7400000095,-2.2699999809,-1.3372771740,-1.1367093325,1.7400000095,-2.2699999809,1.3046010733,-0.9615901709,0.5203318000,0.0960076302,1.4150289297,-0.4081639051,-0.2209543735,-0.8381454349,-0.5937582254,-0.0543059483,1.3568626642,-0.4960625470,0.3449999988
0.0124468589,0.0202157814,0.4505000114,0.0063012554,0.0296164323,0.0196666531,0.9993479848,0.1572606713,-0.3490000069,-1.1039150953,-1.7400000095,-2.2699999809,-1.3348180056,-1.1342675686,1.7400000095,-2.2699999809,1.3061435223,-0.9647963047,0.5215504169,0.0960076302,1.4203698635,-0.4088320136,-0.2161730379,-0.8381454349,-0.5925288796,-0.0530766137,1.3559172153,-0.4922813475,0.3449999988
0.0124468589,0.0202690214,0.4505000114,0.0055876090,0.0296033975,0.0198524166,0.9993489385,0.1600069106,-0.3490000069,-1.1037291288,-1.7400000095,-2.2699999809,-1.3318139315,-1.1321930885,1.7400000095,-2.2699999809,1.3074961901,-0.9665752649,0.5229455233,0.0960076228,1.4227710962,-0.4096207619,-0.2110727727,-0.8378459215,-0.5924859047,-0.0533171743,1.3558588028,-0.4899924695,0.3449999988
0.0124468589,0.0202690214,0.4505000114,0.0051680249,0.0295984466,0.0204513893,0.9993392825,0.1664084494,-0.3490000069,-1.1034572124,-1.7400000095,-2.2699999809,-1.3275432587,-1.1304003000,1.7400000095,-2.2699999809,1.3100048304,-0.9672114253,0.5238519907,0.0960076228,1.4233036041,-0.4106516838,-0.2076175511,-0.8366841674,-0.5927637219,-0.0544920713,1.3558588028,-0.4891093671,0.3449999988
0.0124468589,0.0205334146,0.4505000114,0.0047658444,0.0298274569,0.0211634897,0.9993196130,0.1664882004,-0.3490000069,-1.1033054590,-1.7400000095,-2.2699999809,-1.3212131262,-1.1278102398,1.7400000095,-2.2699999809,1.3152363300,-0.9682030678,0.5236300826,0.0962466821,1.4233129025,-0.4116416872,-0.2081292868,-0.8350630403,-0.5934016705,-0.0558977388,1.3551723957,-0.4888689220,0.3449999988
0.0124468589,0.0216601007,0.4505000114,0.0042475881,0.0304754786,0.0216597412,0.9992917776,0.1636714935,-0.3490000069,-1.1030985117,-1.7400000095,-2.2699999809,-1.3139241934,-1.1245265007,1.7400000095,-2.2699999809,1.3205462694,-0.9693070054,0.5224700570,0.0973500088,1.4233129025,-0.4132740498,-0.2104279995,-0.8338061571,-0.5944101810,-0.0568690076,1.3523323536,-0.4879826605,0.3449999988
0.0124468589,0.0230718646,0.4505000114,0.0036200141,0.0305710137,0.0215529911,0.9992936850,0.1601420790,-0.3490000069,-1.1024225950,-1.7400000095,-2.2699999809,-1.3079200983,-1.1213870049,1.7400000095,-2.2699999809,1.3218036890,-0.9694645405,0.5213224292,0.0989569947,1.4241440296,-0.4167565703,-0.2093344033,-0.8336454630,-0.5956991911,-0.0569874421,1.3489980698,-0.4849325716,0.3449999988
0.0124468589,0.0241035279,0.4505000114,0.0031063398,0.0305574369,0.0209052507,0.9993095398,0.1575629413,-0.3490000069,-1.1011818647,-1.7400000095,-2.2699999809,-1.3033648729,-1.1181651354,1.7400000095,-2.2699999809,1.3219872713,-0.9694645405,0.5204197764,0.1002837420,1.4271345139,-0.4212040901,-0.2040181309,-0.8336454630,-0.5967606306,-0.0569874421,1.3467140198,-0.4812079370,0.3449999988
0.0124468589,0.0242690220,0.4505000114,0.0030197862,0.0305550732,0.0207573734,0.9993129969,0.1571491957,-0.3490000069,-1.0995647907,-1.7400000095,-2.2699999809,-1.2987443209,-1.1137876511,1.7400000095,-2.2699999809,1.3217146397,-0.9694645405,0.5193966031,0.1003999114,1.4278129339,-0.4240715504,-0.2028380036,-0.8336454630,-0.5969397426,-0.0569874421,1.3463586569,-0.4805000126,0.3449999988
0.0124468589,0.0242690220,0.4505000114,0.0030197862,0.0305550732,0.0207573734,0.9993129969,0.1571491957,-0.3490000069,-1.0981791019,-1.7400000095,-2.2699999809,-1.2941235304,-1.1083369255,1.7400000095,-2.2699999809,1.3203878403,-0.9694645405,0.5183402300,0.0994936079,1.4278129339,-0.4248547256,-0.2035451084,-0.8336454630,-0.5969397426,-0.0569874421,1.3463586569,-0.4805000126,0.3449999988
0.0124468589,0.0242690220,0.4505000114,0.0029569697,0.0306540318,0.0207663272,0.9993099570,0.1569196135,-0.3490000069,-1.0981725454,-1.7400000095,-2.2699999809,-1.2911667824,-1.1030799150,1.7400000095,-2.2699999809,1.3199986219,-0.9695166945,0.5177934170,0.0976285264,1.4274119139,-0.4251801074,-0.2065096349,-0.8336454630,-0.5967392325,-0.0570025183,1.3463586569,-0.4805000126,0.3449999988
0.0124468589,0.0242690220,0.4505000114,0.0024313198,0.0312973149,0.0210811030,0.9992848635,0.1539986730,-0.3490000069,-1.1003533602,-1.7400000095,-2.2699999809,-1.2887631655,-1.0982394218,1.7400000095,-2.2699999809,1.3201495409,-0.9702613950,0.5172432661,0.0948391557,1.4247980118,-0.4260533452,-0.2130081356,-0.8336454630,-0.5954322815,-0.0576065667,1.3463586569,-0.4805000126,0.3449999988
0.0124468589,0.0244012196,0.4505000114,0.0017596401,0.0315323509,0.0223223660,0.9992518425,0.1467514336,-0.3490000069,-1.1023615599,-1.7400000095,-2.2699999809,-1.2822662592,-1.0926593542,1.7400000095,-2.2699999809,1.3210257292,-0.9722967148,0.5145676136,0.0912653059,1.4240773916,-0.4275610745,-0.2178738117,-0.8331167102,-0.5957329273,-0.0603601933,1.3461623192,-0.4804008603,0.3449999988
0.0124468589,0.0256704446,0.4505000114,0.0012120387,0.0315236561,0.0241572931,0.9992102981,0.1364114434,-0.3490000069,-1.1029943228,-1.7400000095,-2.2699999809,-1.2724231482,-1.0863054991,1.7400000095,-2.2699999809,1.3244746923,-0.9753642082,0.5080701709,0.0872967392,1.4266158342,-0.4293978214,-0.2189575881,-0.8280398250,-0.6033483744,-0.0674949959,1.3439235687,-0.4794489443,0.3449999988
0.0124468589,0.0262690224,0.4505000114,0.0007722325,0.0315522738,0.0248161983,0.9991937280,0.1280717552,-0.3490000069,-1.1036231518,-1.7400000095,-2.2699999809,-1.2684394121,-1.0810472965,1.7400000095,-2.2699999809,1.3259184361,-0.9779806733,0.5054307580,0.0837068483,1.4277657270,-0.4307389855,-0.2204628438,-0.8256455660,-0.6068633795,-0.0726784840,1.3413357735,-0.4790000319,0.3449999988
0.0124468589,0.0262690224,0.4505000114,0.0003153890,0.0321477056,0.0248289872,0.9991746545,0.1242380738,-0.3490000069,-1.1052772999,-1.7400000095,-2.2699999809,-1.2681678534,-1.0776805878,1.7400000095,-2.2699999809,1.3247046471,-0.9792186022,0.5054307580,0.0812436268,1.4268677235,-0.4314479530,-0.2241274565,-0.8256455660,-0.6056495905,-0.0732468739,1.3400974274,-0.4790000319,0.3449999988
0.0124468589,0.0262690224,0.4505000114,-0.0002535177,0.0324883275,0.0248639807,0.9991627932,0.1216504127,-0.3490000069,-1.1078605652,-1.7400000095,-2.2699999809,-1.2680643797,-1.0745564699,1.7400000095,-2.2699999809,1.3240299225,-0.9794644713,0.5054657459,0.0805076137,1.4256317616,-0.4328314066,-0.2258119285,-0.8255755901,-0.6050099134,-0.0751619339,1.3398587704,-0.4790349901,0.3449999988
0.0124468589,0.0262690224,0.4505000114,-0.0008960552,0.0324722901,0.0254541244,0.9991480708,0.1179103926,-0.3490000069,-1.1106778383,-1.7400000095,-2.2699999809,-1.2675451040,-1.0704271793,1.7400000095,-2.2699999809,1.3251706362,-0.9794644713,0.5066064000,0.0805076137,1.4247069359,-0.4352782667,-0.2258119285,-0.8232942820,-0.6072912216,-0.0811814815,1.3398587704,-0.4801756740,0.3449999988
0.0124468589,0.0262690224,0.4505000114,-0.0011815322,0.0324648693,0.0258747861,0.9991372228,0.1144210100,-0.3490000069,-1.1118768454,-1.7400000095,-2.2699999809,-1.2658982277,-1.0657435656,1.7400000095,-2.2699999809,1.3259544373,-0.9794644713,0.5074307323,0.0805076137,1.4237172604,-0.4364707768,-0.2258006930,-0.8216770291,-0.6089286804,-0.0844559819,1.3398498297,-0.4808112979,0.3449999988
0.0124468589,0.0262690224,0.4505000114,-0.0011815322,0.0324648693,0.0258747861,0.9991372228,0.1126070768,-0.3490000069,-1.1108269691,-1.7400000095,-2.2699999809,-1.2631342411,-1.0615067482,1.7400000095,-2.2699999809,1.3212304115,-0.9794644713,0.5074307323,0.0805076137,1.4224665165,-0.4330589175,-0.2244884372,-0.8253514171,-0.6076163650,-0.0807816535,1.3387999535,-0.4587653875,0.3449999988
0.0124468589,0.0262690224,0.4505000114,-0.0011815322,0.0324648693,0.0258747861,0.9991372228,0.1121491864,-0.3490000069,-1.1098858118,-1.7400000095,-2.2699999809,-1.2615921497,-1.0596295595,1.7400000095,-2.2699999809,1.3169950247,-0.9794644713,0.5074307323,0.0805076137,1.4218131304,-0.4299999774,-0.2233119309,-0.8286456466,-0.6064398885,-0.0774874315,1.3378587961,-0.4390000403,0.3449999988
0.0124468589,0.0262690224,0.4505000114,-0.0011815322,0.0324648693,0.0258747861,0.9991372228,0.1121491864,-0.3490000069,-1.1098858118,-1.7400000095,-2.2699999809,-1.2615921497,-1.0596295595,1.7400000095,-2.2699999809,1.3169950247,-0.9794644713,0.5074307323,0.0805076137,1.4218131304,-0.4299999774,-0.2233119309,-0.8286456466,-0.6064398885,-0.0774874315,1.3378587961,-0.4390000403,0.3449999988
0.0124468589,0.0262690224,0.4505000114,-0.0011815322,0.0324648693,0.0258747861,0.9991372228,0.1126070768,-0.3490000069,-1.1108269691,-1.7400000095,-2.2699999809,-1.2631342411,-1.0615067482,1.7400000095,-2.2699999809,1.3212304115,-0.9794644713,0.5074307323,0.0805076137,1.4224665165,-0.4330589175,-0.2244884372,-0.8253514171,-0.6076163650,-0.0807816535,1.3387999535,-0.4587653875,0.3449999988
0.0124468589,0.0262690224,0.4505000114,-0.0011815322,0.0324648693,0.0258747861,0.9991372228,0.1144210100,-0.3490000069,-1.1118768454,-1.7400000095,-2.2699999809,-1.2658982277,-1.0657435656,1.7400000095,-2.2699999809,1.3259544373,-0.9794644713,0.5074307323,0.0805076137,1.4237172604,-0.4364707768,-0.2258006930,-0.8216770291,-0.6089286804,-0.0844559819,1.3398498297,-0.4808112979,0.3449999988
0.0124468589,0.0262690224,0.4505000114,-0.0008960552,0.0324722901,0.0254541244,0.9991480708,0.1179103926,-0.3490000069,-1.1106778383,-1.7400000095,-2.2699999809,-1.2675451040,-1.0704271793,1.7400000095,-2.2699999809,1.3251706362,-0.9794644713,0.5066064000,0.0805076137,1.4247069359,-0.4352782667,-0.2258119285,-0.8232942820,-0.6072912216,-0.0811814815,1.3398587704,-0.4801756740,0.3449999988
0.0124468589,0.0262690224,0.4505000114,-0.0002535177,0.0324883275,0.0248639807,0.9991627932,0.1216504127,-0.3490000069,-1.1078605652,-1.7400000095,-2.2699999809,-1.2680643797,-1.0745564699,1.7400000095,-2.2699999809,1.3240299225,-0.9794644713,0.5054657459,0.0805076137,1.4256317616,-0.4328314066,-0.2258119285,-0.8255755901,-0.6050099134,-0.0751619339,1.3398587704,-0.4790349901,0.3449999988
0.0124468589,0.0262690224,0.4505000114,0.0003153890,0.0321477056,0.0248289872,0.9991746545,0.1242380738,-0.3490000069,-1.1052772999,-1.7400000095,-2.2699999809,-1.2681678534,-1.0776805878,1.7400000095,-2.2699999809,1.3247046471,-0.9792186022,0.5054307580,0.0812436268,1.4268677235,-0.4314479530,-0.2241274565,-0.8256455660,-0.6056495905,-0.0732468739,1.3400974274,-0.4790000319,0.3449999988
0.0124468589,0.0262690224,0.4505000114,0.0007722325,0.0315522738,0.0248161983,0.9991937280,0.1280717552,-0.3490000069,-1.1036231518,-1.7400000095,-2.2699999809,-1.2684394121,-1.0810472965,1.7400000095,-2.2699999809,1.3259184361,-0.9779806733,0.5054307580,0.0837068483,1.4277657270,-0.4307389855,-0.2204628438,-0.8256455660,-0.6068633795,-0.0726784840,1.3413357735,-0.4790000319,0.3449999988
0.0124468589,0.0256704446,0.4505000114,0.0012120387,0.0315236561,0.0241572931,0.9992102981,0.1364114434,-0.3490000069,-1.1029943228,-1.7400000095,-2.2699999809,-1.2724231482,-1.0863054991,1.7400000095,-2.2699999809,1.3244746923,-0.9753642082,0.5080701709,0.0872967392,1.4266158342,-0.4293978214,-0.2189575881,-0.8280398250,-0.6033483744,-0.0674949959,1.3439235687,-0.4794489443,0.3449999988
0.0124468589,0.0244012196,0.4505000114,0.0017596401,0.0315323509,0.0223223660,0.9992518425,0.1467514336,-0.3490000069,-1.1023615599,-1.7400000095,-2.2699999809,-1.2822662592,-1.0926593542,1.7400000095,-2.2699999809,1.3210257292,-0.9722967148,0.5145676136,0.0912653059,1.4240773916,-0.4275610745,-0.2178738117,-0.8331167102,-0.5957329273,-0.0603601933,1.3461623192,-0.4804008603,0.3449999988
0.0124468589,0.0242690220,0.4505000114,0.0024313198,0.0312973149,0.0210811030,0.9992848635,0.1539986730,-0.3490000069,-1.1003533602,-1.7400000095,-2.2699999809,-1.2887631655,-1.0982394218,1.7400000095,-2.2699999809,1.3201495409,-0.9702613950,0.5172432661,0.0948391557,1.4247980118,-0.4260533452,-0.2130081356,-0.8336454630,-0.5954322815,-0.0576065667,1.3463586569,-0.4805000126,0.3449999988
0.0124468589,0.0242690220,0.4505000114,0.0029569697,0.0306540318,0.0207663272,0.9993099570,0.1569196135,-0.3490000069,-1.0981725454,-1.7400000095,-2.2699999809,-1.2911667824,-1.1030799150,1.7400000095,-2.2699999809,1.3199986219,-0.9695166945,0.5177934170,0.0976285264,1.4274119139,-0.4251801074,-0.2065096349,-0.8336454630,-0.5967392325,-0.0570025183,1.3463586569,-0.4805000126,0.3449999988
0.0124468589,0.0242690220,0.4505000114,0.0030197862,0.0305550732,0.0207573734,0.9993129969,0.1571491957,-0.3490000069,-1.0981791019,-1.7400000095,-2.2699999809,-1.2941235304,-1.1083369255,1.7400000095,-2.2699999809,1.3203878403,-0.9694645405,0.5183402300,0.0994936079,1.4278129339,-0.4248547256,-0.2035451084,-0.8336454630,-0.5969397426,-0.0569874421,1.3463586569,-0.4805000126,0.3449999988
0.0124468589,0.0242690220,0.4505000114,0.0030197862,0.0305550732,0.0207573734,0.9993129969,0.1571491957,-0.3490000069,-1.0995647907,-1.7400000095,-2.2699999809,-1.2987443209,-1.1137876511,1.7400000095,-2.2699999809,1.3217146397,-0.9694645405,0.5193966031,0.1003999114,1.4278129339,-0.4240715504,-0.2028380036,-0.8336454630,-0.5969397426,-0.0569874421,1.3463586569,-0.4805000126,0.3449999988
0.0124468589,0.0241035279,0.4505000114,0.0031063398,0.0305574369,0.0209052507,0.9993095398,0.1575629413,-0.3490000069,-1.1011818647,-1.7400000095,-2.2699999809,-1.3033648729,-1.1181651354,1.7400000095,-2.2699999809,1.3219872713,-0.9694645405,0.5204197764,0.1002837420,1.4271345139,-0.4212040901,-0.2040181309,-0.8336454630,-0.5967606306,-0.0569874421,1.3467140198,-0.4812079370,0.3449999988
0.0124468589,0.0230718646,0.4505000114,0.0036200141,0.0305710137,0.0215529911,0.9992936850,0.1601420790,-0.3490000069,-1.1024225950,-1.7400000095,-2.2699999809,-1.3079200983,-1.1213870049,1.7400000095,-2.2699999809,1.3218036890,-0.9694645405,0.5213224292,0.0989569947,1.4241440296,-0.4167565703,-0.2093344033,-0.8336454630,-0.5956991911,-0.0569874421,1.3489980698,-0.4849325716,0.3449999988
0.0124468589,0.0216601007,0.4505000114,0.0042475881,0.0304754786,0.0216597412,0.9992917776,0.1636714935,-0.3490000069,-1.1030985117,-1.7400000095,-2.2699999809,-1.3139241934,-1.1245265007,1.7400000095,-2.2699999809,1.3205462694,-0.9693070054,0.5224700570,0.0973500088,1.4233129025,-0.4132740498,-0.2104279995,-0.8338061571,-0.5944101810,-0.0568690076,1.3523323536,-0.4879826605,0.3449999988
0.0124468589,0.0205334146,0.4505000114,0.0047658444,0.0298274569,0.0211634897,0.9993196130,0.1664882004,-0.3490000069,-1.1033054590,-1.7400000095,-2.2699999809,-1.3212131262,-1.1278102398,1.7400000095,-2.2699999809,1.3152363300,-0.9682030678,0.5236300826,0.0962466821,1.4233129025,-0.4116416872,-0.2081292868,-0.8350630403,-0.5934016705,-0.0558977388,1.3551723957,-0.4888689220,0.3449999988
0.0124468589,0.0202690214,0.4505000114,0.0051680249,0.0295984466,0.0204513893,0.9993392825,0.1664084494,-0.3490000069,-1.1034572124,-1.7400000095,-2.2699999809,-1.3275432587,-1.1304003000,1.7400000095,-2.2699999809,1.3100048304,-0.9672114253,0.5238519907,0.0960076228,1.4233036041,-0.4106516838,-0.2076175511,-0.8366841674,-0.5927637219,-0.0544920713,1.3558588028,-0.4891093671,0.3449999988
0.0124468589,0.0202690214,0.4505000114,0.0055876090,0.0296033975,0.0198524166,0.9993489385,0.1600069106,-0.3490000069,-1.1037291288,-1.7400000095,-2.2699999809,-1.3318139315,-1.1321930885,1.7400000095,-2.2699999809,1.3074961901,-0.9665752649,0.5229455233,0.0960076228,1.4227710962,-0.4096207619,-0.2110727727,-0.8378459215,-0.5924859047,-0.0533171743,1.3558588028,-0.4899924695,0.3449999988
0.0124468589,0.0202157814,0.4505000114,0.0063012554,0.0296164323,0.0196666531,0.9993479848,0.1572606713,-0.3490000069,-1.1039150953,-1.7400000095,-2.2699999809,-1.3348180056,-1.1342675686,1.7400000095,-2.2699999809,1.3061435223,-0.9647963047,0.5215504169,0.0960076302,1.4203698635,-0.4088320136,-0.2161730379,-0.8381454349,-0.5925288796,-0.0530766137,1.3559172153,-0.4922813475,0.3449999988
0.0124468589,0.0193179380,0.4505000114,0.0073321993,0.0296367072,0.0196360908,0.9993409514,0.1587973386,-0.3490000069,-1.1040252447,-1.7400000095,-2.2699999809,-1.3372771740,-1.1367093325,1.7400000095,-2.2699999809,1.3046010733,-0.9615901709,0.5203318000,0.0960076302,1.4150289297,-0.4081639051,-0.2209543735,-0.8381454349,-0.5937582254,-0.0543059483,1.3568626642,-0.4960625470,0.3449999988
0.0124468589,0.0180522222,0.4505000114,0.0081866039,0.0296400208,0.0196108799,0.9993346930,0.1595942378,-0.3490000069,-1.1045511961,-1.7400000095,-2.2699999809,-1.3394913673,-1.1376293898,1.7400000095,-2.2699999809,1.3025798798,-0.9591958523,0.5199747086,0.0959636644,1.4108716249,-0.4065953791,-0.2249831110,-0.8381014466,-0.5943956971,-0.0549874380,1.3580387831,-0.5002427101,0.3449999988
0.0124468589,0.0170550346,0.4505000114,0.0086323423,0.0292274300,0.0196020361,0.9993432760,0.1581434608,-0.3490000069,-1.1060507298,-1.7400000095,-2.2699999809,-1.3413796425,-1.1376293898,1.7400000095,-2.2699999809,1.3002136946,-0.9585961103,0.5211353302,0.0948030353,1.4103105068,-0.4037102163,-0.2278476954,-0.8369408250,-0.5932350755,-0.0549874380,1.3589229584,-0.5037990808,0.3449999988
0.0124468589,0.0161774345,0.4505000114,0.0091612944,0.0286154579,0.0195933394,0.9993564487,0.1571491957,-0.3490000069,-1.1068747044,-1.7400000095,-2.2699999809,-1.3420851231,-1.1376129389,1.7400000095,-2.2699999809,1.2983553410,-0.9571960568,0.5219306946,0.0940355211,1.4089913368,-0.4007339776,-0.2288119793,-0.8361628652,-0.5924396515,-0.0549734905,1.3606047630,-0.5061744452,0.3449999988
0.0124468589,0.0152321067,0.4505000114,0.0101182731,0.0281652771,0.0195714682,0.9993604422,0.1571491957,-0.3490000069,-1.1056498289,-1.7400000095,-2.2699999809,-1.3413928747,-1.1361144781,1.7400000095,-2.2699999809,1.2975279093,-0.9533044696,0.5219306946,0.0961838886,1.4042571783,-0.3985660374,-0.2287378460,-0.8375056386,-0.5924396515,-0.0538993031,1.3637242317,-0.5074742436,0.3449999988
0.0124468589,0.0142490426,0.4505000114,0.0111230500,0.0276997220,0.0195490606,0.9993632436,0.1571487039,-0.3490000069,-1.1028163433,-1.7400000095,-2.2699999809,-1.3400635719,-1.1335805655,1.7400000095,-2.2699999809,1.2969794273,-0.9494066238,0.5219318271,0.0980076268,1.4013131857,-0.3964502513,-0.2282964736,-0.8386454582,-0.5924389362,-0.0529874340,1.3669130802,-0.5095649958,0.3449999988
0.0124468589,0.0132824648,0.4505000114,0.0117899058,0.0270805936,0.0190546289,0.9993821383,0.1559239775,-0.3490000069,-1.0993096828,-1.7400000095,-2.2699999809,-1.3387138844,-1.1314152479,1.7400000095,-2.2699999809,1.2960745096,-0.9478155971,0.5238718987,0.0980076268,1.4013131857,-0.3937121928,-0.2261797786,-0.8386454582,-0.5912263989,-0.0529874340,1.3690317869,-0.5134912729,0.3449999988
0.0124468589,0.0123275248,0.4505000114,0.0121385232,0.0267205741,0.0185386389,0.9993973374,0.1524336040,-0.3490000069,-1.0973945856,-1.7400000095,-2.2699999809,-1.3376441002,-1.1288305521,1.7400000095,-2.2699999809,1.2954968214,-0.9474843144,0.5259205103,0.0980076268,1.4013131857,-0.3911281526,-0.2243209928,-0.8386454582,-0.5899460316,-0.0529874340,1.3711889982,-0.5159888864,0.3449999988
0.0124468589,0.0113687618,0.4505000114,0.0123521350,0.0267273709,0.0188729148,0.9993882775,0.1471941173,-0.3490000069,-1.0984532833,-1.7400000095,-2.2699999809,-1.3367815018,-1.1250094175,1.7400000095,-2.2699999809,1.2966188192,-0.9466901422,0.5259306431,0.0980076343,1.3985236883,-0.3895125091,-0.2251132429,-0.8398901820,-0.5901231170,-0.0538408421,1.3746829033,-0.5159999728,0.3442682028
0.0124468589,0.0104064820,0.4505000114,0.0129671693,0.0267470535,0.0194545649,0.9993687868,0.1425848752,-0.3490000069,-1.0998528004,-1.7400000095,-2.2699999809,-1.3346203566,-1.1214797497,1.7400000095,-2.2699999809,1.2995092869,-0.9440634251,0.5259306431,0.0980076343,1.3933742046,-0.3882210255,-0.2273957878,-0.8423450589,-0.5915554166,-0.0549604706,1.3791818619,-0.5159999728,0.3427123129
0.0124468589,0.0094450489,0.4505000114,0.0144441715,0.0260417741,0.0196837373,0.9993627071,0.1408613771,-0.3490000069,-1.0993330479,-1.7400000095,-2.2699999809,-1.3299726248,-1.1199272871,1.7400000095,-2.2699999809,1.3028542995,-0.9390174150,0.5250081420,0.0987456813,1.3909988403,-0.3862730861,-0.2306452990,-0.8438288569,-0.5951930285,-0.0542493872,1.3838448524,-0.5171541572,0.3415190279
0.0124468589,0.0084846318,0.4505000114,0.0161185190,0.0248786788,0.0197117198,0.9993661642,0.1400641501,-0.3490000069,-1.0984351635,-1.7400000095,-2.2699999809,-1.3262666464,-1.1186721325,1.7400000095,-2.2699999809,1.3049061298,-0.9351447225,0.5235115886,0.0999428853,1.3904684782,-0.3833146691,-0.2344297022,-0.8444994092,-0.5982913375,-0.0530521944,1.3877055645,-0.5199185014,0.3410174251
0.0124468589,0.0075239534,0.4505000114,0.0170205347,0.0248317197,0.0196907707,0.9993527532,0.1370104253,-0.3490000069,-1.0996904373,-1.7400000095,-2.2699999809,-1.3264399767,-1.1151880026,1.7400000095,-2.2699999809,1.3034299612,-0.9349649549,0.5238366127,0.0993817151,1.3892288208,-0.3793591857,-0.2382878065,-0.8453024626,-0.5980574489,-0.0529874302,1.3899761438,-0.5220448971,0.3409999907
0.0124468589,0.0065630884,0.4505000114,0.0173268728,0.0248377565,0.0196831580,0.9993475080,0.1315797269,-0.3490000069,-1.1038874388,-1.7400000095,-2.2699999809,-1.3276332617,-1.1104340553,1.7400000095,-2.2699999809,1.2994521856,-0.9349649549,0.5250433087,0.0981246829,1.3870397806,-0.3754506409,-0.2412620336,-0.8463327885,-0.5968561769,-0.0529874302,1.3916684389,-0.5238044858,0.3409999907
0.0124468589,0.0056026331,0.4505000114,0.0176706705,0.0248445235,0.0196746122,0.9993414879,0.1251278520,-0.3490000069,-1.1086908579,-1.7400000095,-2.2699999809,-1.3291816711,-1.1067879200,1.7400000095,-2.2699999809,1.2974457741,-0.9346130490,0.5261830688,0.0980076492,1.3847408295,-0.3729640841,-0.2425158322,-0.8473051786,-0.5955654979,-0.0529874302,1.3944498301,-0.5265338421,0.3398333192
0.0124468589,0.0046419194,0.4505000114,0.0181903951,0.0248547532,0.0196616892,0.9993321300,0.1190763414,-0.3490000069,-1.1129580736,-1.7400000095,-2.2699999809,-1.3306384087,-1.1039351225,1.7400000095,-2.2699999809,1.2967352867,-0.9334247708,0.5270859599,0.0980076492,1.3828588724,-0.3715527654,-0.2428056598,-0.8482445478,-0.5946415067,-0.0529874302,1.3977993727,-0.5298545957,0.3369102478
0.0124468589,0.0036797600,0.4505000114,0.0187369883,0.0248614922,0.0194397308,0.9993262291,0.1147409827,-0.3490000069,-1.1163257360,-1.7400000095,-2.2699999809,-1.3316239119,-1.1000360250,1.7400000095,-2.2699999809,1.2937320471,-0.9324010611,0.5280098319,0.0980076492,1.3816319704,-0.3698781133,-0.2421862334,-0.8493344188,-0.5942713618,-0.0529874302,1.3999850750,-0.5324307680,0.3374388218
0.0124468589,0.0027185010,0.4505000114,0.0192319229,0.0248580761,0.0187665094,0.9993298054,0.1114469320,-0.3490000069,-1.1186511517,-1.7400000095,-2.2699999809,-1.3320499659,-1.0945833921,1.7400000095,-2.2699999809,1.2880330086,-0.9315413237,0.5289897323,0.0980076492,1.3799101114,-0.3671930730,-0.2402009666,-0.8503476381,-0.5934788585,-0.0529874302,1.4007490873,-0.5339810252,0.3404167593
0.0124468589,0.0017625354,0.4505000114,0.0196286105,0.0248629190,0.0186272021,0.9993245602,0.1071480289,-0.3490000069,-1.1199797392,-1.7400000095,-2.2699999809,-1.3319311142,-1.0881291628,1.7400000095,-2.2699999809,1.2816314697,-0.9300747514,0.5299000740,0.0976031497,1.3757029772,-0.3632890582,-0.2428054512,-0.8508111835,-0.5905387402,-0.0528574809,1.4009993076,-0.5350560546,0.3392596841
0.0124468589,0.0008044668,0.4505000114,0.0200683642,0.0248711146,0.0186162591,0.9993158579,0.1020173728,-0.3490000069,-1.1209975481,-1.7400000095,-2.2699999809,-1.3312660456,-1.0822373629,1.7400000095,-2.2699999809,1.2763459682,-0.9280395508,0.5308204889,0.0959404260,1.3708350658,-0.3597030342,-0.2551095784,-0.8514887094,-0.5867556930,-0.0519061126,1.4027166367,-0.5369293094,0.3313238025
0.0124468589,-0.0001726974,0.4502610266,0.0208196193,0.0247642715,0.0185355339,0.9993046522,0.0982421488,-0.3490000069,-1.1229200363,-1.7400000095,-2.2699999809,-1.3318697214,-1.0792685747,1.7400000095,-2.2699999809,1.2736793756,-0.9262285233,0.5320047736,0.0955076516,1.3700522184,-0.3595986366,-0.2580731809,-0.8543715477,-0.5864175558,-0.0500517078,1.4087110758,-0.5414347649,0.3268019557
0.0124468589,-0.0011467582,0.4489419460,0.0218568314,0.0241131913,0.0180323943,0.9993076324,0.0960860327,-0.3490000069,-1.1252720356,-1.7400000095,-2.2699999809,-1.3361567259,-1.0781495571,1.7400000095,-2.2699999809,1.2721259594,-0.9251658916,0.5331510901,0.0955076516,1.3713713884,-0.3633457124,-0.2567541003,-0.8599013686,-0.5890556574,-0.0479085892,1.4177411795,-0.5477724671,0.3259567022
0.0124468589,-0.0020529907,0.4485000074,0.0227692295,0.0238924492,0.0173127931,0.9993052483,0.0935679600,-0.3490000069,-1.1257219315,-1.7400000095,-2.2699999809,-1.3373634815,-1.0739601851,1.7400000095,-2.2699999809,1.2668725252,-0.9249650240,0.5334305763,0.0953427926,1.3718132973,-0.3661135137,-0.2565333843,-0.8645008206,-0.5899394751,-0.0467370674,1.4239960909,-0.5521698594,0.3248973191
0.0124468589,-0.0029542586,0.4485000074,0.0235930067,0.0238927528,0.0167122055,0.9992963672,0.0905789435,-0.3490000069,-1.1244317293,-1.7400000095,-2.2699999809,-1.3352618217,-1.0669728518,1.7400000095,-2.2699999809,1.2586966753,-0.9249650240,0.5334305763,0.0940525159,1.3718132973,-0.3674356341,-0.2584700584,-0.8670244813,-0.5899394751,-0.0462659113,1.4262123108,-0.5537362099,0.3227504492
0.0124468589,-0.0040927446,0.4483973086,0.0249837749,0.0239133257,0.0165740065,0.9992643595,0.0896491781,-0.3490000069,-1.1241635084,-1.7400000095,-2.2699999809,-1.3331263065,-1.0647060871,1.7400000095,-2.2699999809,1.2564042807,-0.9250676632,0.5334305763,0.0935076624,1.3720185757,-0.3737894297,-0.2600829601,-0.8703535199,-0.5901448727,-0.0440072715,1.4298856258,-0.5558651686,0.3221796751
0.0124468589,-0.0053063906,0.4471535683,0.0267938580,0.0239602216,0.0171516817,0.9992066026,0.0896491781,-0.3490000069,-1.1281750202,-1.7400000095,-2.2699999809,-1.3320010900,-1.0656388998,1.7400000095,-2.2699999809,1.2613791227,-0.9263114333,0.5334305763,0.0935076624,1.3745061159,-0.3869638145,-0.2602848411,-0.8759859800,-0.5926322937,-0.0390262678,1.4376004934,-0.5595315695,0.3243562281
0.0124468589,-0.0057309805,0.4465000033,0.0274672303,0.0239808857,0.0174618643,0.9991824627,0.0894764289,-0.3490000069,-1.1332968473,-1.7400000095,-2.2699999809,-1.3300158978,-1.0660593510,1.7400000095,-2.2699999809,1.2639933825,-0.9269649982,0.5334305763,0.0934941918,1.3758132458,-0.3924998343,-0.2612401545,-0.8824422359,-0.5939394236,-0.0341617912,1.4459068775,-0.5609056354,0.3252574205
0.0124468589,-0.0057309805,0.4465000033,0.0274672303,0.0239808857,0.0174618643,0.9991824627,0.0850564986,-0.3490000069,-1.1366052628,-1.7400000095,-2.2699999809,-1.3259978294,-1.0641922951,1.7400000095,-2.2699999809,1.2639933825,-0.9269649982,0.5334305763,0.0931993276,1.3758132458,-0.3924998343,-0.2654373944,-0.8877635002,-0.5939394236,-0.0315954946,1.4515918493,-0.5588416457,0.3199498355
0.0124468589,-0.0057309805,0.4465000033,0.0274674725,0.0239806138,0.0174518991,0.9991825819,0.0790184438,-0.3490000069,-1.1392264366,-1.7400000095,-2.2699999809,-1.3209663630,-1.0612852573,1.7400000095,-2.2699999809,1.2640011311,-0.9269649982,0.5334305763,0.0930076763,1.3758132458,-0.3924308419,-0.2677972615,-0.8896448612,-0.5939394236,-0.0309874155,1.4533585310,-0.5575199723,0.3165199459
0.0124468589,-0.0057309805,0.4465000033,0.0274806246,0.0239655357,0.0169036128,0.9991920590,0.0752340853,-0.3490000069,-1.1423803568,-1.7400000095,-2.2699999809,-1.3159835339,-1.0588673353,1.7400000095,-2.2699999809,1.2647604942,-0.9269649982,0.5334305763,0.0930076763,1.3758132458,-0.3880288005,-0.2669741511,-0.8896448612,-0.5939394236,-0.0309874155,1.4533585310,-0.5586174726,0.3176173866
0.0124468589,-0.0057309805,0.4465000033,0.0274911970,0.0239534061,0.0164626725,0.9991993904,0.0719934180,-0.3490000069,-1.1460431814,-1.7400000095,-2.2699999809,-1.3114178181,-1.0570663214,1.7400000095,-2.2699999809,1.2671283484,-0.9269649982,0.5334305763,0.0930076763,1.3758132458,-0.3812577724,-0.2663125098,-0.8896448612,-0.5939394236,-0.0309874155,1.4533585310,-0.5594989061,0.3184977174
0.0124468589,-0.0057309805,0.4465000033,0.0274911970,0.0239534061,0.0164626725,0.9991993904,0.0674048588,-0.3490000069,-1.1500120163,-1.7400000095,-2.2699999809,-1.3075375557,-1.0557427406,1.7400000095,-2.2699999809,1.2712346315,-0.9269649982,0.5334305763,0.0930076763,1.3758132458,-0.3766873479,-0.2667184472,-0.8896448612,-0.5939394236,-0.0309874155,1.4533585310,-0.5588750243,0.3174999654
0.0124468589,-0.0057309805,0.4465000033,0.0274911970,0.0239534061,0.0164626725,0.9991993904,0.0623442531,-0.3490000069,-1.1542111635,-1.7400000095,-2.2699999809,-1.3046824932,-1.0546709299,1.7400000095,-2.2699999809,1.2758190632,-0.9269649982,0.5334305763,0.0930076763,1.3758132458,-0.3726938367,-0.2686821520,-0.8896448612,-0.5939394236,-0.0309874155,1.4533585310,-0.5575588346,0.3165022731
0.0124468589,-0.0057309805,0.4465000033,0.0274984781,0.0239450503,0.0161590017,0.9992043376,0.0580876879,-0.3490000069,-1.1585649252,-1.7400000095,-2.2699999809,-1.3031058311,-1.0536073446,1.7400000095,-2.2699999809,1.2796566486,-0.9269649982,0.5343131423,0.0930076763,1.3758132458,-0.3671644628,-0.2725850046,-0.8910665512,-0.5935720205,-0.0298175588,1.4551236629,-0.5562155247,0.3164999783
0.0124468589,-0.0057309805,0.4465000033,0.0275134016,0.0239278991,0.0155359078,0.9992142320,0.0549534857,-0.3490000069,-1.1628737450,-1.7400000095,-2.2699999809,-1.3025981188,-1.0523145199,1.7400000095,-2.2699999809,1.2830685377,-0.9269649982,0.5354105830,0.0930076763,1.3758132458,-0.3619677722,-0.2752693892,-0.8934485912,-0.5921938419,-0.0272982586,1.4573185444,-0.5555102825,0.3164999783
0.0124468589,-0.0057309805,0.4465000033,0.0275229178,0.0240659919,0.0150302863,0.9992184639,0.0529822558,-0.3490000069,-1.1669656038,-1.7400000095,-2.2699999809,-1.3036634922,-1.0507172346,1.7400000095,-2.2699999809,1.2867499590,-0.9269649982,0.5354305506,0.0935276002,1.3752933741,-0.3594836593,-0.2726289928,-0.8942177892,-0.5897714496,-0.0250496436,1.4565918446,-0.5562667251,0.3178415895
0.0124468589,-0.0057309805,0.4465000033,0.0275237467,0.0246944241,0.0145539865,0.9992101192,0.0521729924,-0.3490000069,-1.1710313559,-1.7400000095,-2.2699999809,-1.3061261177,-1.0496684313,1.7400000095,-2.2699999809,1.2910293341,-0.9269649982,0.5354305506,0.0947623625,1.3740586042,-0.3590021729,-0.2685008645,-0.8951383829,-0.5880083442,-0.0233053584,1.4554123878,-0.5574461818,0.3199056387
0.0124468589,-0.0057309805,0.4465000033,0.0275207143,0.0258647203,0.0139068170,0.9991897941,0.0521491729,-0.3490000069,-1.1753320694,-1.7400000095,-2.2699999809,-1.3079026937,-1.0502824783,1.7400000095,-2.2699999809,1.2959568501,-0.9269649982,0.5358132124,0.0957946107,1.3730263710,-0.3599006236,-0.2693427205,-0.9004413486,-0.5879395008,-0.0218670759,1.4573191404,-0.5556748509,0.3180392385
0.0124468589,-0.0057309805,0.4465000033,0.0275186133,0.0268032011,0.0134139471,0.9991718531,0.0521491729,-0.3490000069,-1.1796864271,-1.7400000095,-2.2699999809,-1.3085632324,-1.0515263081,1.7400000095,-2.2699999809,1.3004877567,-0.9269649982,0.5370213389,0.0966988131,1.3721221685,-0.3623347282,-0.2723728120,-0.9071260691,-0.5879395008,-0.0210380908,1.4610503912,-0.5519614220,0.3143080175
0.0124468589,-0.0057309805,0.4465000033,0.0275184792,0.0268683881,0.0133802639,0.9991706014,0.0525920056,-0.3490000069,-1.1836870909,-1.7400000095,-2.2699999809,-1.3079314232,-1.0512026548,1.7400000095,-2.2699999809,1.3032748699,-0.9264201522,0.5384194851,0.0979078636,1.3709131479,-0.3642109036,-0.2754109204,-0.9076446295,-0.5879395008,-0.0209874101,1.4613584280,-0.5511417985,0.3139999509
0.0124468589,-0.0057309805,0.4465000033,0.0275184792,0.0268683881,0.0133802639,0.9991706014,0.0540744290,-0.3490000069,-1.1866891384,-1.7400000095,-2.2699999809,-1.3053374290,-1.0497293472,1.7400000095,-2.2699999809,1.3048777580,-0.9251298904,0.5393425822,0.0989043713,1.3699166775,-0.3649503887,-0.2776801884,-0.9076446295,-0.5879395008,-0.0209874101,1.4613584280,-0.5510028601,0.3139999509
0.0124468589,-0.0057309805,0.4465000033,0.0275151990,0.0270891618,0.0133740185,0.9991648197,0.0554829612,-0.3490000069,-1.1880378723,-1.7400000095,-2.2699999809,-1.3018120527,-1.0482085943,1.7400000095,-2.2699999809,1.3068093061,-0.9254069328,0.5394304991,0.0990076885,1.3698133230,-0.3649998307,-0.2791558504,-0.9080865383,-0.5873450041,-0.0201035757,1.4609165192,-0.5510001183,0.3146628141
0.0124468589,-0.0057309805,0.4465000033,0.0275053885,0.0277481340,0.0133553697,0.9991471767,0.0566074476,-0.3490000069,-1.1887239218,-1.7400000095,-2.2699999809,-1.2983661890,-1.0470492840,1.7400000095,-2.2699999809,1.3088841438,-0.9267260432,0.5394304991,0.0990076885,1.3698133230,-0.3649998307,-0.2800280154,-0.9094056487,-0.5850145817,-0.0174653828,1.4595974684,-0.5510001183,0.3166414797
0.0124468589,-0.0057309805,0.4465000033,0.0275036134,0.0278675277,0.0133519899,0.9991439581,0.0579495765,-0.3490000069,-1.1907489300,-1.7400000095,-2.2699999809,-1.2959015369,-1.0461632013,1.7400000095,-2.2699999809,1.3098142147,-0.9269649982,0.5394304991,0.0990076885,1.3698133230,-0.3651936352,-0.2806417942,-0.9096446037,-0.5829492807,-0.0169874057,1.4593584538,-0.5510001183,0.3163670003
0.0124468589,-0.0057309805,0.4465000033,0.0275036134,0.0278675277,0.0133519899,0.9991439581,0.0602379292,-0.3490000069,-1.1933557987,-1.7400000095,-2.2699999809,-1.2947407961,-1.0450706482,1.7400000095,-2.2699999809,1.3102133274,-0.9269649982,0.5394304991,0.0990076885,1.3698133230,-0.3662575781,-0.2815153301,-0.9096446037,-0.5820453167,-0.0169874057,1.4593584538,-0.5510001183,0.3130851686
0.0127060730,-0.0057309805,0.4465000033,0.0274997503,0.0281265099,0.0133446585,0.9991369247,0.0642987564,-0.3490000069,-1.1938866377,-1.7400000095,-2.2699999809,-1.2950466871,-1.0430126190,1.7400000095,-2.2699999809,1.3123803139,-0.9269649982,0.5394304991,0.0987484753,1.3698133230,-0.3676756024,-0.2832914889,-0.9099038243,-0.5819395781,-0.0169874057,1.4596176147,-0.5511945486,0.3093515038
0.0140296016,-0.0057309805,0.4465000033,0.0274800174,0.0294488408,0.0133072156,0.9990998507,0.0686160251,-0.3490000069,-1.1938866377,-1.7400000095,-2.2699999809,-1.2973628044,-1.0406936407,1.7400000095,-2.2699999809,1.3160167933,-0.9269649982,0.5394304991,0.0974249542,1.3698133230,-0.3694422841,-0.2859889269,-0.9112273455,-0.5819395781,-0.0169874057,1.4609410763,-0.5521871448,0.3069578707
0.0144468592,-0.0056204153,0.4465000033,0.0274222065,0.0298624914,0.0132059418,0.9990905523,0.0696491748,-0.3490000069,-1.1940265894,-1.7400000095,-2.2699999809,-1.2980271578,-1.0401289463,1.7400000095,-2.2699999809,1.3169938326,-0.9267826676,0.5392481685,0.0970076919,1.3698792458,-0.3722532690,-0.2889395654,-0.9116445780,-0.5820541978,-0.0169874057,1.4610996246,-0.5521371365,0.3064999282
0.0144468592,-0.0046260837,0.4465000033,0.0269488543,0.0298384726,0.0125716748,0.9991123080,0.0696491748,-0.3490000069,-1.1951458454,-1.7400000095,-2.2699999809,-1.2972226143,-1.0401289463,1.7400000095,-2.2699999809,1.3169938326,-0.9254835248,0.5379490256,0.0970076919,1.3706837893,-0.3761416674,-0.2912332416,-0.9116445780,-0.5830655098,-0.0169874057,1.4589511156,-0.5490213633,0.3064999282
0.0144468592,-0.0033757794,0.4465000033,0.0263210852,0.0298236515,0.0123316180,0.9991324544,0.0696794167,-0.3490000069,-1.1960762739,-1.7400000095,-2.2699999809,-1.2954468727,-1.0402168036,1.7400000095,-2.2699999809,1.3170932531,-0.9249650240,0.5374305248,0.0971587598,1.3724610806,-0.3802104592,-0.2913734019,-0.9116445780,-0.5842691660,-0.0169169679,1.4568955898,-0.5456412435,0.3065089285
0.0144468592,-0.0024042584,0.4465000033,0.0258194059,0.0298174564,0.0123465918,0.9991455674,0.0704438984,-0.3490000069,-1.1963608265,-1.7400000095,-2.2699999809,-1.2933292389,-1.0411596298,1.7400000095,-2.2699999809,1.3184498549,-0.9249650240,0.5374305248,0.0990958288,1.3747005463,-0.3840038180,-0.2866595089,-0.9116445780,-0.5851706266,-0.0159838665,1.4560979605,-0.5437606573,0.3070150614
0.0144468592,-0.0015310487,0.4465000033,0.0254229959,0.0298117157,0.0123260925,0.9991561770,0.0728820041,-0.3490000069,-1.1963329315,-1.7400000095,-2.2699999809,-1.2926421165,-1.0416290760,1.7400000095,-2.2699999809,1.3204288483,-0.9248355031,0.5373657346,0.1014587134,1.3759425879,-0.3879091740,-0.2844256163,-0.9116445780,-0.5862102509,-0.0147254523,1.4549942017,-0.5420487523,0.3091940880
0.0144468592,-0.0005897016,0.4465000033,0.0250380654,0.0297917649,0.0117400130,0.9991735220,0.0768207312,-0.3490000069,-1.1951841116,-1.7400000095,-2.2699999809,-1.2937316895,-1.0416290760,1.7400000095,-2.2699999809,1.3219826221,-0.9224411249,0.5361685753,0.1027184576,1.3760646582,-0.3920820653,-0.2865207195,-0.9116445780,-0.5874408484,-0.0137434453,1.4527541399,-0.5393276215,0.3132969439
0.0144468592,0.0004155158,0.4465000033,0.0244247597,0.0297754072,0.0113898981,0.9991933107,0.0799512640,-0.3490000069,-1.1937159300,-1.7400000095,-2.2699999809,-1.2952978611,-1.0416084528,1.7400000095,-2.2699999809,1.3224936724,-0.9209756851,0.5354305506,0.1030076966,1.3764313459,-0.3960281909,-0.2877463996,-0.9116445780,-0.5879395008,-0.0128559526,1.4506150484,-0.5353511572,0.3175380528
0.0144468592,0.0014290961,0.4465000033,0.0234833062,0.0297646653,0.0114179486,0.9992158413,0.0810260251,-0.3490000069,-1.1928501129,-1.7400000095,-2.2699999809,-1.2964222431,-1.0406036377,1.7400000095,-2.2699999809,1.3224110603,-0.9216081500,0.5354305506,0.1030076966,1.3779906034,-0.3993563354,-0.2847591043,-0.9116445780,-0.5879395008,-0.0118868081,1.4495798349,-0.5304706097,0.3206144571
0.0144468592,0.0023170775,0.4465000033,0.0224801619,0.0297531877,0.0114478236,0.9992389083,0.0822832882,-0.3490000069,-1.1917968988,-1.7400000095,-2.2699999809,-1.2971272469,-1.0390421152,1.7400000095,-2.2699999809,1.3219478130,-0.9230750799,0.5354390740,0.1030115709,1.3804836273,-0.4021596313,-0.2811748087,-0.9116445780,-0.5879394412,-0.0109318858,1.4493585825,-0.5262989402,0.3231578469
0.0144468592,0.0030838633,0.4465000033,0.0215948354,0.0297430400,0.0114741819,0.9992583990,0.0855735540,-0.3490000069,-1.1897739172,-1.7400000095,-2.2699999809,-1.2978665829,-1.0379894972,1.7400000095,-2.2699999809,1.3207674026,-0.9250714183,0.5374994874,0.1041110009,1.3836785555,-0.4047521949,-0.2803350985,-0.9116445780,-0.5876744986,-0.0097827436,1.4493585825,-0.5237312317,0.3257114589
0.0144468592,0.0042371647,0.4465000033,0.0205640942,0.0297311842,0.0115048550,0.9992801547,0.0895740241,-0.3490000069,-1.1869497299,-1.7400000095,-2.2699999809,-1.3000228405,-1.0376291275,1.7400000095,-2.2699999809,1.3190323114,-0.9269334674,0.5413518548,0.1069344580,1.3882014751,-0.4079229534,-0.2788816988,-0.9116445780,-0.5859977603,-0.0070703216,1.4493585825,-0.5205902457,0.3274795711
0.0144468592,0.0061410670,0.4465000033,0.0191963613,0.0296901073,0.0102514112,0.9993222356,0.0928948745,-0.3490000069,-1.1836749315,-1.7400000095,-2.2699999809,-1.3045351505,-1.0390983820,1.7400000095,-2.2699999809,1.3170381784,-0.9281152487,0.5447522402,0.1107325107,1.3943551779,-0.4121500552,-0.2735394835,-0.9116445780,-0.5816440582,-0.0020069196,1.4462419748,-0.5150951147,0.3278729916
0.0144468592,0.0081037525,0.4465000033,0.0177905783,0.0296309330,0.0078204675,0.9993720055,0.0966677591,-0.3490000069,-1.1802357435,-1.7400000095,-2.2699999809,-1.3096368313,-1.0422877073,1.7400000095,-2.2699999809,1.3147490025,-0.9288894534,0.5472295284,0.1129830033,1.4003108740,-0.4161694646,-0.2673132122,-0.9116445780,-0.5763946176,0.0026963763,1.4395636320,-0.5098691583,0.3283646405
0.0144468592,0.0093445498,0.4465000033,0.0166667067,0.0295942686,0.0062057781,0.9994037747,0.1022479758,-0.3490000069,-1.1768150330,-1.7400000095,-2.2699999809,-1.3131484985,-1.0453321934,1.7400000095,-2.2699999809,1.3121501207,-0.9297000170,0.5487837195,0.1130077019,1.4041783810,-0.4187075794,-0.2638340890,-0.9100538492,-0.5730935931,0.0044861850,1.4334905148,-0.5078002214,0.3330942988
0.0144468592,0.0101265088,0.4465000033,0.0158447754,0.0295801070,0.0056660250,0.9994207621,0.1085603163,-0.3490000069,-1.1731274128,-1.7400000095,-2.2699999809,-1.3145580292,-1.0473953485,1.7400000095,-2.2699999809,1.3098279238,-0.9307402372,0.5494148135,0.1130077019,1.4068195820,-0.4209575355,-0.2610591054,-0.9077326059,-0.5719637871,0.0049012192,1.4304443598,-0.5068474412,0.3387904465
0.0144468592,0.0109952698,0.4465000033,0.0152503075,0.0295765437,0.0056716143,0.9994301200,0.1139518172,-0.3490000069,-1.1688153744,-1.7400000095,-2.2699999809,-1.3126881123,-1.0482466221,1.7400000095,-2.2699999809,1.3084667921,-0.9320248365,0.5494303703,0.1143706962,1.4097933769,-0.4246065319,-0.2559155822,-0.9083262086,-0.5726212263,0.0059114522,1.4303586483,-0.5038557053,0.3383184969
0.0144468592,0.0120001948,0.4465000033,0.0148179848,0.0295740888,0.0056844084,0.9994366169,0.1184878126,-0.3490000069,-1.1641280651,-1.7400000095,-2.2699999809,-1.3090053797,-1.0494532585,1.7400000095,-2.2699999809,1.3080103397,-0.9329126477,0.5494303703,0.1168293580,1.4130159616,-0.4289499819,-0.2515835464,-0.9095555544,-0.5738505125,0.0069447034,1.4303586483,-0.4995568097,0.3370891511
0.0144468592,0.0129915485,0.4465000033,0.0144637916,0.0295694061,0.0055130096,0.9994428754,0.1228294596,-0.3490000069,-1.1595449448,-1.7400000095,-2.2699999809,-1.3082277775,-1.0528968573,1.7400000095,-2.2699999809,1.3079940081,-0.9329648018,0.5494303703,0.1170077175,1.4157326221,-0.4324556589,-0.2532511652,-0.9092270136,-0.5739396811,0.0070126276,1.4286718369,-0.4961942434,0.3382309973
0.0144468592,0.0139418682,0.4465000033,0.0139922453,0.0295583867,0.0049328329,0.9994528890,0.1263556182,-0.3490000069,-1.1552791595,-1.7400000095,-2.2699999809,-1.3080946207,-1.0562901497,1.7400000095,-2.2699999809,1.3079940081,-0.9329648018,0.5494303703,0.1170077175,1.4174847603,-0.4353901446,-0.2592521310,-0.9069827199,-0.5739396811,0.0070126276,1.4227808714,-0.4946144819,0.3418610990
0.0144468592,0.0148883043,0.4465000033,0.0131620271,0.0295464490,0.0043697362,0.9994672537,0.1279465556,-0.3490000069,-1.1513288021,-1.7400000095,-2.2699999809,-1.3080459833,-1.0562787056,1.7400000095,-2.2699999809,1.3063991070,-0.9329648018,0.5498973727,0.1170077175,1.4180965424,-0.4388413131,-0.2642511725,-0.9024469256,-0.5734726787,0.0060785720,1.4159435034,-0.4945003688,0.3443535566
0.0144468592,0.0158502422,0.4465000033,0.0121536041,0.0295364205,0.0039434894,0.9994820356,0.1288133562,-0.3490000069,-1.1468338966,-1.7400000095,-2.2699999809,-1.3073410988,-1.0552936792,1.7400000095,-2.2699999809,1.3009554148,-0.9329648018,0.5512109399,0.1170077175,1.4188678265,-0.4421168566,-0.2669765949,-0.8982195854,-0.5721591115,0.0034514721,1.4102115631,-0.4945003688,0.3449825346
0.0144468592,0.0168324877,0.4465000033,0.0114076659,0.0295286756,0.0035501383,0.9994925261,0.1315944493,-0.3490000069,-1.1405102015,-1.7400000095,-2.2699999809,-1.3050183058,-1.0551704168,1.7400000095,-2.2699999809,1.2974489927,-0.9337668419,0.5514303446,0.1166383326,1.4219435453,-0.4435030818,-0.2688375711,-0.8976448774,-0.5719397068,0.0032508157,1.4065830708,-0.4937616289,0.3449999988
0.0144468592,0.0178011637,0.4465000033,0.0109851621,0.0295219626,0.0030930000,0.9994989634,0.1366664171,-0.3490000069,-1.1335850954,-1.7400000095,-2.2699999809,-1.3021419048,-1.0559893847,1.7400000095,-2.2699999809,1.2965312004,-0.9372779131,0.5514303446,0.1153092682,1.4270948172,-0.4442171156,-0.2701122761,-0.8976448774,-0.5719397068,0.0043758689,1.4048687220,-0.4911034703,0.3449999988
0.0144468592,0.0186969042,0.4462199211,0.0106316544,0.0295143463,0.0024958455,0.9995046854,0.1425076127,-0.3490000069,-1.1292567253,-1.7400000095,-2.2699999809,-1.3022922277,-1.0592620373,1.7400000095,-2.2699999809,1.2973036766,-0.9399735928,0.5519905090,0.1155678704,1.4321881533,-0.4485624135,-0.2694395483,-0.8976448774,-0.5720927715,0.0055213296,1.4039251804,-0.4919707775,0.3449999988
0.0144468592,0.0196138825,0.4448930919,0.0101809753,0.0295074750,0.0019490181,0.9995108247,0.1475931555,-0.3490000069,-1.1278774738,-1.7400000095,-2.2699999809,-1.3056093454,-1.0661561489,1.7400000095,-2.2699999809,1.3020130396,-0.9413957000,0.5546441674,0.1182215661,1.4369552135,-0.4575840235,-0.2645751238,-0.8976448774,-0.5731097460,0.0064089014,1.4030103683,-0.4989367723,0.3449999988
0.0144468592,0.0207909625,0.4444999993,0.0095753716,0.0295051113,0.0018449043,0.9995170832,0.1505176127,-0.3490000069,-1.1268422604,-1.7400000095,-2.2699999809,-1.3065418005,-1.0721957684,1.7400000095,-2.2699999809,1.3064856529,-0.9447298646,0.5552297831,0.1186066717,1.4430254698,-0.4598495662,-0.2606112659,-0.8976448774,-0.5745204091,0.0075173066,1.4018383026,-0.5009001493,0.3449999988
0.0144468592,0.0219560415,0.4444999993,0.0089954389,0.0295040365,0.0018620233,0.9995224476,0.1522247940,-0.3490000069,-1.1246002913,-1.7400000095,-2.2699999809,-1.3062151670,-1.0754452944,1.7400000095,-2.2699999809,1.3082695007,-0.9495324492,0.5539228916,0.1159928665,1.4491542578,-0.4588693678,-0.2593970001,-0.8976448774,-0.5756594539,0.0086900108,1.4006726742,-0.5002467036,0.3449999988
0.0144468592,0.0222690217,0.4444999993,0.0088419672,0.0295037478,0.0018665532,0.9995238185,0.1565892398,-0.3490000069,-1.1211289167,-1.7400000095,-2.2699999809,-1.3063299656,-1.0780440569,1.7400000095,-2.2699999809,1.3084282875,-0.9509645700,0.5534303188,0.1150077358,1.4508128166,-0.4584999382,-0.2593123317,-0.8976448774,-0.5759396553,0.0090126442,1.4003590345,-0.5000004768,0.3449999988
0.0144468592,0.0222690217,0.4444999993,0.0088419672,0.0295037478,0.0018665532,0.9995238185,0.1643275768,-0.3490000069,-1.1174068451,-1.7400000095,-2.2699999809,-1.3090542555,-1.0812202692,1.7400000095,-2.2699999809,1.3077934980,-0.9509645700,0.5534303188,0.1150077358,1.4508128166,-0.4584999382,-0.2593123317,-0.8976448774,-0.5759396553,0.0090126442,1.4003590345,-0.5000004768,0.3449999988
0.0144468592,0.0222690217,0.4444999993,0.0088374512,0.0295051020,0.0020195402,0.9995235205,0.1708863378,-0.3490000069,-1.1157475710,-1.7400000095,-2.2699999809,-1.3122481108,-1.0843518972,1.7400000095,-2.2699999809,1.3078321218,-0.9511941671,0.5533322096,0.1149312034,1.4508526325,-0.4584234357,-0.2590794861,-0.8974918723,-0.5760377645,0.0089361137,1.4004355669,-0.5000004768,0.3449999988
0.0144468592,0.0222690217,0.4444999993,0.0087657981,0.0295264646,0.0044460022,0.9995157123,0.1736680865,-0.3490000069,-1.1156339645,-1.7400000095,-2.2699999809,-1.3142486811,-1.0872336626,1.7400000095,-2.2699999809,1.3141014576,-0.9548355341,0.5514965653,0.1137173995,1.4516718388,-0.4572096169,-0.2550135255,-0.8950642347,-0.5778734088,0.0077223005,1.4016493559,-0.5000004768,0.3449999988
0.0144468592,0.0223040003,0.4444999993,0.0087064030,0.0295387767,0.0058651404,0.9995085001,0.1748447120,-0.3490000069,-1.1152325869,-1.7400000095,-2.2699999809,-1.3165705204,-1.0908017159,1.7400000095,-2.2699999809,1.3220731020,-0.9569644928,0.5490956903,0.1130427197,1.4530476332,-0.4565698802,-0.2508776784,-0.8936449289,-0.5802742839,0.0070126443,1.4022890329,-0.4998255968,0.3449999988
0.0144468592,0.0234446749,0.4444999993,0.0081363423,0.0295354240,0.0058819861,0.9995133281,0.1766361743,-0.3490000069,-1.1131972075,-1.7400000095,-2.2699999809,-1.3202803135,-1.0954585075,1.7400000095,-2.2699999809,1.3261115551,-0.9569644928,0.5477653146,0.1141833961,1.4543147087,-0.4588512480,-0.2494840622,-0.8936449289,-0.5816046596,0.0070126443,1.4000077248,-0.4941221774,0.3449999988
0.0144468592,0.0242690220,0.4444999993,0.0077243699,0.0295329988,0.0058941594,0.9995166063,0.1800007671,-0.3490000069,-1.1107139587,-1.7400000095,-2.2699999809,-1.3244152069,-1.0999540091,1.7400000095,-2.2699999809,1.3269937038,-0.9569644928,0.5474303961,0.1150077358,1.4548127651,-0.4604999423,-0.2493123114,-0.8936449289,-0.5819395781,0.0070126443,1.3983590603,-0.4900004566,0.3449999988
0.0144468592,0.0242690220,0.4444999993,0.0077243699,0.0295329988,0.0058941594,0.9995166063,0.1846727580,-0.3490000069,-1.1092872620,-1.7400000095,-2.2699999809,-1.3277349472,-1.1030207872,1.7400000095,-2.2699999809,1.3269935846,-0.9569644928,0.5474303961,0.1150077358,1.4548127651,-0.4604999423,-0.2493123114,-0.8936449289,-0.5819395781,0.0070126443,1.3983590603,-0.4900004566,0.3449999988
0.0144468592,0.0242690220,0.4444999993,0.0077243699,0.0295329988,0.0058941594,0.9995166063,0.1871491522,-0.3490000069,-1.1088857651,-1.7400000095,-2.2699999809,-1.3290922642,-1.1041288376,1.7400000095,-2.2699999809,1.3269935846,-0.9569644928,0.5474303961,0.1150077358,1.4548127651,-0.4604999423,-0.2493123114,-0.8936449289,-0.5819395781,0.0070126443,1.3983590603,-0.4900004566,0.3449999988
0.0144468592,0.0242690220,0.4444999993,0.0077243699,0.0295329988,0.0058941594,0.9995166063,0.1846727580,-0.3490000069,-1.1092872620,-1.7400000095,-2.2699999809,-1.3277349472,-1.1030207872,1.7400000095,-2.2699999809,1.3269935846,-0.9569644928,0.5474303961,0.1150077358,1.4548127651,-0.4604999423,-0.2493123114,-0.8936449289,-0.5819395781,0.0070126443,1.3983590603,-0.4900004566,0.3449999988
0.0144468592,0.0242690220,0.4444999993,0.0077243699,0.0295329988,0.0058941594,0.9995166063,0.1800007671,-0.3490000069,-1.1107139587,-1.7400000095,-2.2699999809,-1.3244152069,-1.0999540091,1.7400000095,-2.2699999809,1.3269937038,-0.9569644928,0.5474303961,0.1150077358,1.4548127651,-0.4604999423,-0.2493123114,-0.8936449289,-0.5819395781,0.0070126443,1.3983590603,-0.4900004566,0.3449999988
0.0144468592,0.0234446749,0.4444999993,0.0081363423,0.0295354240,0.0058819861,0.9995133281,0.1766361743,-0.3490000069,-1.1131972075,-1.7400000095,-2.2699999809,-1.3202803135,-1.0954585075,1.7400000095,-2.2699999809,1.3261115551,-0.9569644928,0.5477653146,0.1141833961,1.4543147087,-0.4588512480,-0.2494840622,-0.8936449289,-0.5816046596,0.0070126443,1.4000077248,-0.4941221774,0.3449999988
0.0144468592,0.0223040003,0.4444999993,0.0087064030,0.0295387767,0.0058651404,0.9995085001,0.1748447120,-0.3490000069,-1.1152325869,-1.7400000095,-2.2699999809,-1.3165705204,-1.0908017159,1.7400000095,-2.2699999809,1.3220731020,-0.9569644928,0.5490956903,0.1130427197,1.4530476332,-0.4565698802,-0.2508776784,-0.8936449289,-0.5802742839,0.0070126443,1.4022890329,-0.4998255968,0.3449999988
0.0144468592,0.0222690217,0.4444999993,0.0087657981,0.0295264646,0.0044460022,0.9995157123,0.1736680865,-0.3490000069,-1.1156339645,-1.7400000095,-2.2699999809,-1.3142486811,-1.0872336626,1.7400000095,-2.2699999809,1.3141014576,-0.9548355341,0.5514965653,0.1137173995,1.4516718388,-0.4572096169,-0.2550135255,-0.8950642347,-0.5778734088,0.0077223005,1.4016493559,-0.5000004768,0.3449999988
0.0144468592,0.0222690217,0.4444999993,0.0088374512,0.0295051020,0.0020195402,0.9995235205,0.1708863378,-0.3490000069,-1.1157475710,-1.7400000095,-2.2699999809,-1.3122481108,-1.0843518972,1.7400000095,-2.2699999809,1.3078321218,-0.9511941671,0.5533322096,0.1149312034,1.4508526325,-0.4584234357,-0.2590794861,-0.8974918723,-0.5760377645,0.0089361137,1.4004355669,-0.5000004768,0.3449999988
0.0144468592,0.0222690217,0.4444999993,0.0088419672,0.0295037478,0.0018665532,0.9995238185,0.1643275768,-0.3490000069,-1.1174068451,-1.7400000095,-2.2699999809,-1.3090542555,-1.0812202692,1.7400000095,-2.2699999809,1.3077934980,-0.9509645700,0.5534303188,0.1150077358,1.4508128166,-0.4584999382,-0.2593123317,-0.8976448774,-0.5759396553,0.0090126442,1.4003590345,-0.5000004768,0.3449999988
0.0144468592,0.0222690217,0.4444999993,0.0088419672,0.0295037478,0.0018665532,0.9995238185,0.1565892398,-0.3490000069,-1.1211289167,-1.7400000095,-2.2699999809,-1.3063299656,-1.0780440569,1.7400000095,-2.2699999809,1.3084282875,-0.9509645700,0.5534303188,0.1150077358,1.4508128166,-0.4584999382,-0.2593123317,-0.8976448774,-0.5759396553,0.0090126442,1.4003590345,-0.5000004768,0.3449999988
0.0144468592,0.0219560415,0.4444999993,0.0089954389,0.0295040365,0.0018620233,0.9995224476,0.1522247940,-0.3490000069,-1.1246002913,-1.7400000095,-2.2699999809,-1.3062151670,-1.0754452944,1.7400000095,-2.2699999809,1.3082695007,-0.9495324492,0.5539228916,0.1159928665,1.4491542578,-0.4588693678,-0.2593970001,-0.8976448774,-0.5756594539,0.0086900108,1.4006726742,-0.5002467036,0.3449999988
0.0144468592,0.0207909625,0.4444999993,0.0095753716,0.0295051113,0.0018449043,0.9995170832,0.1505176127,-0.3490000069,-1.1268422604,-1.7400000095,-2.2699999809,-1.3065418005,-1.0721957684,1.7400000095,-2.2699999809,1.3064856529,-0.9447298646,0.5552297831,0.1186066717,1.4430254698,-0.4598495662,-0.2606112659,-0.8976448774,-0.5745204091,0.0075173066,1.4018383026,-0.5009001493,0.3449999988
0.0144468592,0.0196138825,0.4448930919,0.0101809753,0.0295074750,0.0019490181,0.9995108247,0.1475931555,-0.3490000069,-1.1278774738,-1.7400000095,-2.2699999809,-1.3056093454,-1.0661561489,1.7400000095,-2.2699999809,1.3020130396,-0.9413957000,0.5546441674,0.1182215661,1.4369552135,-0.4575840235,-0.2645751238,-0.8976448774,-0.5731097460,0.0064089014,1.4030103683,-0.4989367723,0.3449999988
0.0144468592,0.0186969042,0.4462199211,0.0106316544,0.0295143463,0.0024958455,0.9995046854,0.1425076127,-0.3490000069,-1.1292567253,-1.7400000095,-2.2699999809,-1.3022922277,-1.0592620373,1.7400000095,-2.2699999809,1.2973036766,-0.9399735928,0.5519905090,0.1155678704,1.4321881533,-0.4485624135,-0.2694395483,-0.8976448774,-0.5720927715,0.0055213296,1.4039251804,-0.4919707775,0.3449999988
0.0144468592,0.0178011637,0.4465000033,0.0109851621,0.0295219626,0.0030930000,0.9994989634,0.1366664171,-0.3490000069,-1.1335850954,-1.7400000095,-2.2699999809,-1.3021419048,-1.0559893847,1.7400000095,-2.2699999809,1.2965312004,-0.9372779131,0.5514303446,0.1153092682,1.4270948172,-0.4442171156,-0.2701122761,-0.8976448774,-0.5719397068,0.0043758689,1.4048687220,-0.4911034703,0.3449999988
0.0144468592,0.0168324877,0.4465000033,0.0114076659,0.0295286756,0.0035501383,0.9994925261,0.1315944493,-0.3490000069,-1.1405102015,-1.7400000095,-2.2699999809,-1.3050183058,-1.0551704168,1.7400000095,-2.2699999809,1.2974489927,-0.9337668419,0.5514303446,0.1166383326,1.4219435453,-0.4435030818,-0.2688375711,-0.8976448774,-0.5719397068,0.0032508157,1.4065830708,-0.4937616289,0.3449999988
0.0144468592,0.0158502422,0.4465000033,0.0121536041,0.0295364205,0.0039434894,0.9994820356,0.1288133562,-0.3490000069,-1.1468338966,-1.7400000095,-2.2699999809,-1.3073410988,-1.0552936792,1.7400000095,-2.2699999809,1.3009554148,-0.9329648018,0.5512109399,0.1170077175,1.4188678265,-0.4421168566,-0.2669765949,-0.8982195854,-0.5721591115,0.0034514721,1.4102115631,-0.4945003688,0.3449825346
0.0144468592,0.0148883043,0.4465000033,0.0131620271,0.0295464490,0.0043697362,0.9994672537,0.1279465556,-0.3490000069,-1.1513288021,-1.7400000095,-2.2699999809,-1.3080459833,-1.0562787056,1.7400000095,-2.2699999809,1.3063991070,-0.9329648018,0.5498973727,0.1170077175,1.4180965424,-0.4388413131,-0.2642511725,-0.9024469256,-0.5734726787,0.0060785720,1.4159435034,-0.4945003688,0.3443535566
0.0144468592,0.0139418682,0.4465000033,0.0139922453,0.0295583867,0.0049328329,0.9994528890,0.1263556182,-0.3490000069,-1.1552791595,-1.7400000095,-2.2699999809,-1.3080946207,-1.0562901497,1.7400000095,-2.2699999809,1.3079940081,-0.9329648018,0.5494303703,0.1170077175,1.4174847603,-0.4353901446,-0.2592521310,-0.9069827199,-0.5739396811,0.0070126276,1.4227808714,-0.4946144819,0.3418610990
0.0144468592,0.0129915485,0.4465000033,0.0144637916,0.0295694061,0.0055130096,0.9994428754,0.1228294596,-0.3490000069,-1.1595449448,-1.7400000095,-2.2699999809,-1.3082277775,-1.0528968573,1.7400000095,-2.2699999809,1.3079940081,-0.9329648018,0.5494303703,0.1170077175,1.4157326221,-0.4324556589,-0.2532511652,-0.9092270136,-0.5739396811,0.0070126276,1.4286718369,-0.4961942434,0.3382309973
0.0144468592,0.0120001948,0.4465000033,0.0148179848,0.0295740888,0.0056844084,0.9994366169,0.1184878126,-0.3490000069,-1.1641280651,-1.7400000095,-2.2699999809,-1.3090053797,-1.0494532585,1.7400000095,-2.2699999809,1.3080103397,-0.9329126477,0.5494303703,0.1168293580,1.4130159616,-0.4289499819,-0.2515835464,-0.9095555544,-0.5738505125,0.0069447034,1.4303586483,-0.4995568097,0.3370891511
0.0144468592,0.0109952698,0.4465000033,0.0152503075,0.0295765437,0.0056716143,0.9994301200,0.1139518172,-0.3490000069,-1.1688153744,-1.7400000095,-2.2699999809,-1.3126881123,-1.0482466221,1.7400000095,-2.2699999809,1.3084667921,-0.9320248365,0.5494303703,0.1143706962,1.4097933769,-0.4246065319,-0.2559155822,-0.9083262086,-0.5726212263,0.0059114522,1.4303586483,-0.5038557053,0.3383184969
0.0144468592,0.0101265088,0.4465000033,0.0158447754,0.0295801070,0.0056660250,0.9994207621,0.1085603163,-0.3490000069,-1.1731274128,-1.7400000095,-2.2699999809,-1.3145580292,-1.0473953485,1.7400000095,-2.2699999809,1.3098279238,-0.9307402372,0.5494148135,0.1130077019,1.4068195820,-0.4209575355,-0.2610591054,-0.9077326059,-0.5719637871,0.0049012192,1.4304443598,-0.5068474412,0.3387904465
0.0144468592,0.0093445498,0.4465000033,0.0166667067,0.0295942686,0.0062057781,0.9994037747,0.1022479758,-0.3490000069,-1.1768150330,-1.7400000095,-2.2699999809,-1.3131484985,-1.0453321934,1.7400000095,-2.2699999809,1.3121501207,-0.9297000170,0.5487837195,0.1130077019,1.4041783810,-0.4187075794,-0.2638340890,-0.9100538492,-0.5730935931,0.0044861850,1.4334905148,-0.5078002214,0.3330942988
0.0144468592,0.0081037525,0.4465000033,0.0177905783,0.0296309330,0.0078204675,0.9993720055,0.0966677591,-0.3490000069,-1.1802357435,-1.7400000095,-2.2699999809,-1.3096368313,-1.0422877073,1.7400000095,-2.2699999809,1.3147490025,-0.9288894534,0.5472295284,0.1129830033,1.4003108740,-0.4161694646,-0.2673132122,-0.9116445780,-0.5763946176,0.0026963763,1.4395636320,-0.5098691583,0.3283646405
0.0144468592,0.0061410670,0.4465000033,0.0191963613,0.0296901073,0.0102514112,0.9993222356,0.0928948745,-0.3490000069,-1.1836749315,-1.7400000095,-2.2699999809,-1.3045351505,-1.0390983820,1.7400000095,-2.2699999809,1.3170381784,-0.9281152487,0.5447522402,0.1107325107,1.3943551779,-0.4121500552,-0.2735394835,-0.9116445780,-0.5816440582,-0.0020069196,1.4462419748,-0.5150951147,0.3278729916
0.0144468592,0.0042371647,0.4465000033,0.0205640942,0.0297311842,0.0115048550,0.9992801547,0.0895740241,-0.3490000069,-1.1869497299,-1.7400000095,-2.2699999809,-1.3000228405,-1.0376291275,1.7400000095,-2.2699999809,1.3190323114,-0.9269334674,0.5413518548,0.1069344580,1.3882014751,-0.4079229534,-0.2788816988,-0.9116445780,-0.5859977603,-0.0070703216,1.4493585825,-0.5205902457,0.3274795711
0.0144468592,0.0030838633,0.4465000033,0.0215948354,0.0297430400,0.0114741819,0.9992583990,0.0855735540,-0.3490000069,-1.1897739172,-1.7400000095,-2.2699999809,-1.2978665829,-1.0379894972,1.7400000095,-2.2699999809,1.3207674026,-0.9250714183,0.5374994874,0.1041110009,1.3836785555,-0.4047521949,-0.2803350985,-0.9116445780,-0.5876744986,-0.0097827436,1.4493585825,-0.5237312317,0.3257114589
0.0144468592,0.0023170775,0.4465000033,0.0224801619,0.0297531877,0.0114478236,0.9992389083,0.0822832882,-0.3490000069,-1.1917968988,-1.7400000095,-2.2699999809,-1.2971272469,-1.0390421152,1.7400000095,-2.2699999809,1.3219478130,-0.9230750799,0.5354390740,0.1030115709,1.3804836273,-0.4021596313,-0.2811748087,-0.9116445780,-0.5879394412,-0.0109318858,1.4493585825,-0.5262989402,0.3231578469
0.0144468592,0.0014290961,0.4465000033,0.0234833062,0.0297646653,0.0114179486,0.9992158413,0.0810260251,-0.3490000069,-1.1928501129,-1.7400000095,-2.2699999809,-1.2964222431,-1.0406036377,1.7400000095,-2.2699999809,1.3224110603,-0.9216081500,0.5354305506,0.1030076966,1.3779906034,-0.3993563354,-0.2847591043,-0.9116445780,-0.5879395008,-0.0118868081,1.4495798349,-0.5304706097,0.3206144571
0.0144468592,0.0004155158,0.4465000033,0.0244247597,0.0297754072,0.0113898981,0.9991933107,0.0799512640,-0.3490000069,-1.1937159300,-1.7400000095,-2.2699999809,-1.2952978611,-1.0416084528,1.7400000095,-2.2699999809,1.3224936724,-0.9209756851,0.5354305506,0.1030076966,1.3764313459,-0.3960281909,-0.2877463996,-0.9116445780,-0.5879395008,-0.0128559526,1.4506150484,-0.5353511572,0.3175380528
0.0144468592,-0.0005897016,0.4465000033,0.0250380654,0.0297917649,0.0117400130,0.9991735220,0.0768207312,-0.3490000069,-1.1951841116,-1.7400000095,-2.2699999809,-1.2937316895,-1.0416290760,1.7400000095,-2.2699999809,1.3219826221,-0.9224411249,0.5361685753,0.1027184576,1.3760646582,-0.3920820653,-0.2865207195,-0.9116445780,-0.5874408484,-0.0137434453,1.4527541399,-0.5393276215,0.3132969439
0.0144468592,-0.0015310487,0.4465000033,0.0254229959,0.0298117157,0.0123260925,0.9991561770,0.0728820041,-0.3490000069,-1.1963329315,-1.7400000095,-2.2699999809,-1.2926421165,-1.0416290760,1.7400000095,-2.2699999809,1.3204288483,-0.9248355031,0.5373657346,0.1014587134,1.3759425879,-0.3879091740,-0.2844256163,-0.9116445780,-0.5862102509,-0.0147254523,1.4549942017,-0.5420487523,0.3091940880
0.0144468592,-0.0024042584,0.4465000033,0.0258194059,0.0298174564,0.0123465918,0.9991455674,0.0704438984,-0.3490000069,-1.1963608265,-1.7400000095,-2.2699999809,-1.2933292389,-1.0411596298,1.7400000095,-2.2699999809,1.3184498549,-0.9249650240,0.5374305248,0.0990958288,1.3747005463,-0.3840038180,-0.2866595089,-0.9116445780,-0.5851706266,-0.0159838665,1.4560979605,-0.5437606573,0.3070150614
0.0144468592,-0.0033757794,0.4465000033,0.0263210852,0.0298236515,0.0123316180,0.9991324544,0.0696794167,-0.3490000069,-1.1960762739,-1.7400000095,-2.2699999809,-1.2954468727,-1.0402168036,1.7400000095,-2.2699999809,1.3170932531,-0.9249650240,0.5374305248,0.0971587598,1.3724610806,-0.3802104592,-0.2913734019,-0.9116445780,-0.5842691660,-0.0169169679,1.4568955898,-0.5456412435,0.3065089285
0.0144468592,-0.0046260837,0.4465000033,0.0269488543,0.0298384726,0.0125716748,0.9991123080,0.0696491748,-0.3490000069,-1.1951458454,-1.7400000095,-2.2699999809,-1.2972226143,-1.0401289463,1.7400000095,-2.2699999809,1.3169938326,-0.9254835248,0.5379490256,0.0970076919,1.3706837893,-0.3761416674,-0.2912332416,-0.9116445780,-0.5830655098,-0.0169874057,1.4589511156,-0.5490213633,0.3064999282
0.0144468592,-0.0056204153,0.4465000033,0.0274222065,0.0298624914,0.0132059418,0.9990905523,0.0696491748,-0.3490000069,-1.1940265894,-1.7400000095,-2.2699999809,-1.2980271578,-1.0401289463,1.7400000095,-2.2699999809,1.3169938326,-0.9267826676,0.5392481685,0.0970076919,1.3698792458,-0.3722532690,-0.2889395654,-0.9116445780,-0.5820541978,-0.0169874057,1.4610996246,-0.5521371365,0.3064999282
0.0140296016,-0.0057309805,0.4465000033,0.0274800174,0.0294488408,0.0133072156,0.9990998507,0.0686160251,-0.3490000069,-1.1938866377,-1.7400000095,-2.2699999809,-1.2973628044,-1.0406936407,1.7400000095,-2.2699999809,1.3160167933,-0.9269649982,0.5394304991,0.0974249542,1.3698133230,-0.3694422841,-0.2859889269,-0.9112273455,-0.5819395781,-0.0169874057,1.4609410763,-0.5521871448,0.3069578707
0.0127060730,-0.0057309805,0.4465000033,0.0274997503,0.0281265099,0.0133446585,0.9991369247,0.0642987564,-0.3490000069,-1.1938866377,-1.7400000095,-2.2699999809,-1.2950466871,-1.0430126190,1.7400000095,-2.2699999809,1.3123803139,-0.9269649982,0.5394304991,0.0987484753,1.3698133230,-0.3676756024,-0.2832914889,-0.9099038243,-0.5819395781,-0.0169874057,1.4596176147,-0.5511945486,0.3093515038
0.0124468589,-0.0057309805,0.4465000033,0.0275036134,0.0278675277,0.0133519899,0.9991439581,0.0602379292,-0.3490000069,-1.1933557987,-1.7400000095,-2.2699999809,-1.2947407961,-1.0450706482,1.7400000095,-2.2699999809,1.3102133274,-0.9269649982,0.5394304991,0.0990076885,1.3698133230,-0.3662575781,-0.2815153301,-0.9096446037,-0.5820453167,-0.0169874057,1.4593584538,-0.5510001183,0.3130851686
0.0124468589,-0.0057309805,0.4465000033,0.0275036134,0.0278675277,0.0133519899,0.9991439581,0.0579495765,-0.3490000069,-1.1907489300,-1.7400000095,-2.2699999809,-1.2959015369,-1.0461632013,1.7400000095,-2.2699999809,1.3098142147,-0.9269649982,0.5394304991,0.0990076885,1.3698133230,-0.3651936352,-0.2806417942,-0.9096446037,-0.5829492807,-0.0169874057,1.4593584538,-0.5510001183,0.3163670003
0.0124468589,-0.0057309805,0.4465000033,0.0275053885,0.0277481340,0.0133553697,0.9991471767,0.0566074476,-0.3490000069,-1.1887239218,-1.7400000095,-2.2699999809,-1.2983661890,-1.0470492840,1.7400000095,-2.2699999809,1.3088841438,-0.9267260432,0.5394304991,0.0990076885,1.3698133230,-0.3649998307,-0.2800280154,-0.9094056487,-0.5850145817,-0.0174653828,1.4595974684,-0.5510001183,0.3166414797
0.0124468589,-0.0057309805,0.4465000033,0.0275151990,0.0270891618,0.0133740185,0.9991648197,0.0554829612,-0.3490000069,-1.1880378723,-1.7400000095,-2.2699999809,-1.3018120527,-1.0482085943,1.7400000095,-2.2699999809,1.3068093061,-0.9254069328,0.5394304991,0.0990076885,1.3698133230,-0.3649998307,-0.2791558504,-0.9080865383,-0.5873450041,-0.0201035757,1.4609165192,-0.5510001183,0.3146628141
0.0124468589,-0.0057309805,0.4465000033,0.0275184792,0.0268683881,0.0133802639,0.9991706014,0.0540744290,-0.3490000069,-1.1866891384,-1.7400000095,-2.2699999809,-1.3053374290,-1.0497293472,1.7400000095,-2.2699999809,1.3048777580,-0.9251298904,0.5393425822,0.0989043713,1.3699166775,-0.3649503887,-0.2776801884,-0.9076446295,-0.5879395008,-0.0209874101,1.4613584280,-0.5510028601,0.3139999509
0.0124468589,-0.0057309805,0.4465000033,0.0275184792,0.0268683881,0.0133802639,0.9991706014,0.0525920056,-0.3490000069,-1.1836870909,-1.7400000095,-2.2699999809,-1.3079314232,-1.0512026548,1.7400000095,-2.2699999809,1.3032748699,-0.9264201522,0.5384194851,0.0979078636,1.3709131479,-0.3642109036,-0.2754109204,-0.9076446295,-0.5879395008,-0.0209874101,1.4613584280,-0.5511417985,0.3139999509
0.0124468589,-0.0057309805,0.4465000033,0.0275186133,0.0268032011,0.0134139471,0.9991718531,0.0521491729,-0.3490000069,-1.1796864271,-1.7400000095,-2.2699999809,-1.3085632324,-1.0515263081,1.7400000095,-2.2699999809,1.3004877567,-0.9269649982,0.5370213389,0.0966988131,1.3721221685,-0.3623347282,-0.2723728120,-0.9071260691,-0.5879395008,-0.0210380908,1.4610503912,-0.5519614220,0.3143080175
0.0124468589,-0.0057309805,0.4465000033,0.0275207143,0.0258647203,0.0139068170,0.9991897941,0.0521491729,-0.3490000069,-1.1753320694,-1.7400000095,-2.2699999809,-1.3079026937,-1.0502824783,1.7400000095,-2.2699999809,1.2959568501,-0.9269649982,0.5358132124,0.0957946107,1.3730263710,-0.3599006236,-0.2693427205,-0.9004413486,-0.5879395008,-0.0218670759,1.4573191404,-0.5556748509,0.3180392385
0.0124468589,-0.0057309805,0.4465000033,0.0275237467,0.0246944241,0.0145539865,0.9992101192,0.0521729924,-0.3490000069,-1.1710313559,-1.7400000095,-2.2699999809,-1.3061261177,-1.0496684313,1.7400000095,-2.2699999809,1.2910293341,-0.9269649982,0.5354305506,0.0947623625,1.3740586042,-0.3590021729,-0.2685008645,-0.8951383829,-0.5880083442,-0.0233053584,1.4554123878,-0.5574461818,0.3199056387
0.0124468589,-0.0057309805,0.4465000033,0.0275229178,0.0240659919,0.0150302863,0.9992184639,0.0529822558,-0.3490000069,-1.1669656038,-1.7400000095,-2.2699999809,-1.3036634922,-1.0507172346,1.7400000095,-2.2699999809,1.2867499590,-0.9269649982,0.5354305506,0.0935276002,1.3752933741,-0.3594836593,-0.2726289928,-0.8942177892,-0.5897714496,-0.0250496436,1.4565918446,-0.5562667251,0.3178415895
0.0124468589,-0.0057309805,0.4465000033,0.0275134016,0.0239278991,0.0155359078,0.9992142320,0.0549534857,-0.3490000069,-1.1628737450,-1.7400000095,-2.2699999809,-1.3025981188,-1.0523145199,1.7400000095,-2.2699999809,1.2830685377,-0.9269649982,0.5354105830,0.0930076763,1.3758132458,-0.3619677722,-0.2752693892,-0.8934485912,-0.5921938419,-0.0272982586,1.4573185444,-0.5555102825,0.3164999783
0.0124468589,-0.0057309805,0.4465000033,0.0274984781,0.0239450503,0.0161590017,0.9992043376,0.0580876879,-0.3490000069,-1.1585649252,-1.7400000095,-2.2699999809,-1.3031058311,-1.0536073446,1.7400000095,-2.2699999809,1.2796566486,-0.9269649982,0.5343131423,0.0930076763,1.3758132458,-0.3671644628,-0.2725850046,-0.8910665512,-0.5935720205,-0.0298175588,1.4551236629,-0.5562155247,0.3164999783
0.0124468589,-0.0057309805,0.4465000033,0.0274911970,0.0239534061,0.0164626725,0.9991993904,0.0623442531,-0.3490000069,-1.1542111635,-1.7400000095,-2.2699999809,-1.3046824932,-1.0546709299,1.7400000095,-2.2699999809,1.2758190632,-0.9269649982,0.5334305763,0.0930076763,1.3758132458,-0.3726938367,-0.2686821520,-0.8896448612,-0.5939394236,-0.0309874155,1.4533585310,-0.5575588346,0.3165022731
0.0124468589,-0.0057309805,0.4465000033,0.0274911970,0.0239534061,0.0164626725,0.9991993904,0.0674048588,-0.3490000069,-1.1500120163,-1.7400000095,-2.2699999809,-1.3075375557,-1.0557427406,1.7400000095,-2.2699999809,1.2712346315,-0.9269649982,0.5334305763,0.0930076763,1.3758132458,-0.3766873479,-0.2667184472,-0.8896448612,-0.5939394236,-0.0309874155,1.4533585310,-0.5588750243,0.3174999654
0.0124468589,-0.0057309805,0.4465000033,0.0274911970,0.0239534061,0.0164626725,0.9991993904,0.0719934180,-0.3490000069,-1.1460431814,-1.7400000095,-2.2699999809,-1.3114178181,-1.0570663214,1.7400000095,-2.2699999809,1.2671283484,-0.9269649982,0.5334305763,0.0930076763,1.3758132458,-0.3812577724,-0.2663125098,-0.8896448612,-0.5939394236,-0.0309874155,1.4533585310,-0.5594989061,0.3184977174
0.0124468589,-0.0057309805,0.4465000033,0.0274806246,0.0239655357,0.0169036128,0.9991920590,0.0752340853,-0.3490000069,-1.1423803568,-1.7400000095,-2.2699999809,-1.3159835339,-1.0588673353,1.7400000095,-2.2699999809,1.2647604942,-0.9269649982,0.5334305763,0.0930076763,1.3758132458,-0.3880288005,-0.2669741511,-0.8896448612,-0.5939394236,-0.0309874155,1.4533585310,-0.5586174726,0.3176173866
0.0124468589,-0.0057309805,0.4465000033,0.0274674725,0.0239806138,0.0174518991,0.9991825819,0.0790184438,-0.3490000069,-1.1392264366,-1.7400000095,-2.2699999809,-1.3209663630,-1.0612852573,1.7400000095,-2.2699999809,1.2640011311,-0.9269649982,0.5334305763,0.0930076763,1.3758132458,-0.3924308419,-0.2677972615,-0.8896448612,-0.5939394236,-0.0309874155,1.4533585310,-0.5575199723,0.3165199459
0.0124468589,-0.0057309805,0.4465000033,0.0274672303,0.0239808857,0.0174618643,0.9991824627,0.0850564986,-0.3490000069,-1.1366052628,-1.7400000095,-2.2699999809,-1.3259978294,-1.0641922951,1.7400000095,-2.2699999809,1.2639933825,-0.9269649982,0.5334305763,0.0931993276,1.3758132458,-0.3924998343,-0.2654373944,-0.8877635002,-0.5939394236,-0.0315954946,1.4515918493,-0.5588416457,0.3199498355
0.0124468589,-0.0057309805,0.4465000033,0.0274672303,0.0239808857,0.0174618643,0.9991824627,0.0894764289,-0.3490000069,-1.1332968473,-1.7400000095,-2.2699999809,-1.3300158978,-1.0660593510,1.7400000095,-2.2699999809,1.2639933825,-0.9269649982,0.5334305763,0.0934941918,1.3758132458,-0.3924998343,-0.2612401545,-0.8824422359,-0.5939394236,-0.0341617912,1.4459068775,-0.5609056354,0.3252574205
0.0124468589,-0.0053063906,0.4471535683,0.0267938580,0.0239602216,0.0171516817,0.9992066026,0.0896491781,-0.3490000069,-1.1281750202,-1.7400000095,-2.2699999809,-1.3320010900,-1.0656388998,1.7400000095,-2.2699999809,1.2613791227,-0.9263114333,0.5334305763,0.0935076624,1.3745061159,-0.3869638145,-0.2602848411,-0.8759859800,-0.5926322937,-0.0390262678,1.4376004934,-0.5595315695,0.3243562281
0.0124468589,-0.0040927446,0.4483973086,0.0249837749,0.0239133257,0.0165740065,0.9992643595,0.0896491781,-0.3490000069,-1.1241635084,-1.7400000095,-2.2699999809,-1.3331263065,-1.0647060871,1.7400000095,-2.2699999809,1.2564042807,-0.9250676632,0.5334305763,0.0935076624,1.3720185757,-0.3737894297,-0.2600829601,-0.8703535199,-0.5901448727,-0.0440072715,1.4298856258,-0.5558651686,0.3221796751
0.0124468589,-0.0029542586,0.4485000074,0.0235930067,0.0238927528,0.0167122055,0.9992963672,0.0905789435,-0.3490000069,-1.1244317293,-1.7400000095,-2.2699999809,-1.3352618217,-1.0669728518,1.7400000095,-2.2699999809,1.2586966753,-0.9249650240,0.5334305763,0.0940525159,1.3718132973,-0.3674356341,-0.2584700584,-0.8670244813,-0.5899394751,-0.0462659113,1.4262123108,-0.5537362099,0.3227504492
0.0124468589,-0.0020529907,0.4485000074,0.0227692295,0.0238924492,0.0173127931,0.9993052483,0.0935679600,-0.3490000069,-1.1257219315,-1.7400000095,-2.2699999809,-1.3373634815,-1.0739601851,1.7400000095,-2.2699999809,1.2668725252,-0.9249650240,0.5334305763,0.0953427926,1.3718132973,-0.3661135137,-0.2565333843,-0.8645008206,-0.5899394751,-0.0467370674,1.4239960909,-0.5521698594,0.3248973191
0.0124468589,-0.0011467582,0.4489419460,0.0218568314,0.0241131913,0.0180323943,0.9993076324,0.0960860327,-0.3490000069,-1.1252720356,-1.7400000095,-2.2699999809,-1.3361567259,-1.0781495571,1.7400000095,-2.2699999809,1.2721259594,-0.9251658916,0.5331510901,0.0955076516,1.3713713884,-0.3633457124,-0.2567541003,-0.8599013686,-0.5890556574,-0.0479085892,1.4177411795,-0.5477724671,0.3259567022
0.0124468589,-0.0001726974,0.4502610266,0.0208196193,0.0247642715,0.0185355339,0.9993046522,0.0982421488,-0.3490000069,-1.1229200363,-1.7400000095,-2.2699999809,-1.3318697214,-1.0792685747,1.7400000095,-2.2699999809,1.2736793756,-0.9262285233,0.5320047736,0.0955076516,1.3700522184,-0.3595986366,-0.2580731809,-0.8543715477,-0.5864175558,-0.0500517078,1.4087110758,-0.5414347649,0.3268019557
0.0124468589,0.0008044668,0.4505000114,0.0200683642,0.0248711146,0.0186162591,0.9993158579,0.1020173728,-0.3490000069,-1.1209975481,-1.7400000095,-2.2699999809,-1.3312660456,-1.0822373629,1.7400000095,-2.2699999809,1.2763459682,-0.9280395508,0.5308204889,0.0959404260,1.3708350658,-0.3597030342,-0.2551095784,-0.8514887094,-0.5867556930,-0.0519061126,1.4027166367,-0.5369293094,0.3313238025
0.0124468589,0.0017625354,0.4505000114,0.0196286105,0.0248629190,0.0186272021,0.9993245602,0.1071480289,-0.3490000069,-1.1199797392,-1.7400000095,-2.2699999809,-1.3319311142,-1.0881291628,1.7400000095,-2.2699999809,1.2816314697,-0.9300747514,0.5299000740,0.0976031497,1.3757029772,-0.3632890582,-0.2428054512,-0.8508111835,-0.5905387402,-0.0528574809,1.4009993076,-0.5350560546,0.3392596841
0.0124468589,0.0027185010,0.4505000114,0.0192319229,0.0248580761,0.0187665094,0.9993298054,0.1114469320,-0.3490000069,-1.1186511517,-1.7400000095,-2.2699999809,-1.3320499659,-1.0945833921,1.7400000095,-2.2699999809,1.2880330086,-0.9315413237,0.5289897323,0.0980076492,1.3799101114,-0.3671930730,-0.2402009666,-0.8503476381,-0.5934788585,-0.0529874302,1.4007490873,-0.5339810252,0.3404167593
0.0124468589,0.0036797600,0.4505000114,0.0187369883,0.0248614922,0.0194397308,0.9993262291,0.1147409827,-0.3490000069,-1.1163257360,-1.7400000095,-2.2699999809,-1.3316239119,-1.1000360250,1.7400000095,-2.2699999809,1.2937320471,-0.9324010611,0.5280098319,0.0980076492,1.3816319704,-0.3698781133,-0.2421862334,-0.8493344188,-0.5942713618,-0.0529874302,1.3999850750,-0.5324307680,0.3374388218
0.0124468589,0.0046419194,0.4505000114,0.0181903951,0.0248547532,0.0196616892,0.9993321300,0.1190763414,-0.3490000069,-1.1129580736,-1.7400000095,-2.2699999809,-1.3306384087,-1.1039351225,1.7400000095,-2.2699999809,1.2967352867,-0.9334247708,0.5270859599,0.0980076492,1.3828588724,-0.3715527654,-0.2428056598,-0.8482445478,-0.5946415067,-0.0529874302,1.3977993727,-0.5298545957,0.3369102478
0.0124468589,0.0056026331,0.4505000114,0.0176706705,0.0248445235,0.0196746122,0.9993414879,0.1251278520,-0.3490000069,-1.1086908579,-1.7400000095,-2.2699999809,-1.3291816711,-1.1067879200,1.7400000095,-2.2699999809,1.2974457741,-0.9346130490,0.5261830688,0.0980076492,1.3847408295,-0.3729640841,-0.2425158322,-0.8473051786,-0.5955654979,-0.0529874302,1.3944498301,-0.5265338421,0.3398333192
0.0124468589,0.0065630884,0.4505000114,0.0173268728,0.0248377565,0.0196831580,0.9993475080,0.1315797269,-0.3490000069,-1.1038874388,-1.7400000095,-2.2699999809,-1.3276332617,-1.1104340553,1.7400000095,-2.2699999809,1.2994521856,-0.9349649549,0.5250433087,0.0981246829,1.3870397806,-0.3754506409,-0.2412620336,-0.8463327885,-0.5968561769,-0.0529874302,1.3916684389,-0.5238044858,0.3409999907
0.0124468589,0.0075239534,0.4505000114,0.0170205347,0.0248317197,0.0196907707,0.9993527532,0.1370104253,-0.3490000069,-1.0996904373,-1.7400000095,-2.2699999809,-1.3264399767,-1.1151880026,1.7400000095,-2.2699999809,1.3034299612,-0.9349649549,0.5238366127,0.0993817151,1.3892288208,-0.3793591857,-0.2382878065,-0.8453024626,-0.5980574489,-0.0529874302,1.3899761438,-0.5220448971,0.3409999907
0.0124468589,0.0084846318,0.4505000114,0.0161185190,0.0248786788,0.0197117198,0.9993661642,0.1400641501,-0.3490000069,-1.0984351635,-1.7400000095,-2.2699999809,-1.3262666464,-1.1186721325,1.7400000095,-2.2699999809,1.3049061298,-0.9351447225,0.5235115886,0.0999428853,1.3904684782,-0.3833146691,-0.2344297022,-0.8444994092,-0.5982913375,-0.0530521944,1.3877055645,-0.5199185014,0.3410174251
0.0124468589,0.0094450489,0.4505000114,0.0144441715,0.0260417741,0.0196837373,0.9993627071,0.1408613771,-0.3490000069,-1.0993330479,-1.7400000095,-2.2699999809,-1.3299726248,-1.1199272871,1.7400000095,-2.2699999809,1.3028542995,-0.9390174150,0.5250081420,0.0987456813,1.3909988403,-0.3862730861,-0.2306452990,-0.8438288569,-0.5951930285,-0.0542493872,1.3838448524,-0.5171541572,0.3415190279
0.0124468589,0.0104064820,0.4505000114,0.0129671693,0.0267470535,0.0194545649,0.9993687868,0.1425848752,-0.3490000069,-1.0998528004,-1.7400000095,-2.2699999809,-1.3346203566,-1.1214797497,1.7400000095,-2.2699999809,1.2995092869,-0.9440634251,0.5259306431,0.0980076343,1.3933742046,-0.3882210255,-0.2273957878,-0.8423450589,-0.5915554166,-0.0549604706,1.3791818619,-0.5159999728,0.3427123129
0.0124468589,0.0113687618,0.4505000114,0.0123521350,0.0267273709,0.0188729148,0.9993882775,0.1471941173,-0.3490000069,-1.0984532833,-1.7400000095,-2.2699999809,-1.3367815018,-1.1250094175,1.7400000095,-2.2699999809,1.2966188192,-0.9466901422,0.5259306431,0.0980076343,1.3985236883,-0.3895125091,-0.2251132429,-0.8398901820,-0.5901231170,-0.0538408421,1.3746829033,-0.5159999728,0.3442682028
0.0124468589,0.0123275248,0.4505000114,0.0121385232,0.0267205741,0.0185386389,0.9993973374,0.1524336040,-0.3490000069,-1.0973945856,-1.7400000095,-2.2699999809,-1.3376441002,-1.1288305521,1.7400000095,-2.2699999809,1.2954968214,-0.9474843144,0.5259205103,0.0980076268,1.4013131857,-0.3911281526,-0.2243209928,-0.8386454582,-0.5899460316,-0.0529874340,1.3711889982,-0.5159888864,0.3449999988
0.0124468589,0.0132824648,0.4505000114,0.0117899058,0.0270805936,0.0190546289,0.9993821383,0.1559239775,-0.3490000069,-1.0993096828,-1.7400000095,-2.2699999809,-1.3387138844,-1.1314152479,1.7400000095,-2.2699999809,1.2960745096,-0.9478155971,0.5238718987,0.0980076268,1.4013131857,-0.3937121928,-0.2261797786,-0.8386454582,-0.5912263989,-0.0529874340,1.3690317869,-0.5134912729,0.3449999988
0.0124468589,0.0142490426,0.4505000114,0.0111230500,0.0276997220,0.0195490606,0.9993632436,0.1571487039,-0.3490000069,-1.1028163433,-1.7400000095,-2.2699999809,-1.3400635719,-1.1335805655,1.7400000095,-2.2699999809,1.2969794273,-0.9494066238,0.5219318271,0.0980076268,1.4013131857,-0.3964502513,-0.2282964736,-0.8386454582,-0.5924389362,-0.0529874340,1.3669130802,-0.5095649958,0.3449999988
0.0124468589,0.0152321067,0.4505000114,0.0101182731,0.0281652771,0.0195714682,0.9993604422,0.1571491957,-0.3490000069,-1.1056498289,-1.7400000095,-2.2699999809,-1.3413928747,-1.1361144781,1.7400000095,-2.2699999809,1.2975279093,-0.9533044696,0.5219306946,0.0961838886,1.4042571783,-0.3985660374,-0.2287378460,-0.8375056386,-0.5924396515,-0.0538993031,1.3637242317,-0.5074742436,0.3449999988
0.0124468589,0.0161774345,0.4505000114,0.0091612944,0.0286154579,0.0195933394,0.9993564487,0.1571491957,-0.3490000069,-1.1068747044,-1.7400000095,-2.2699999809,-1.3420851231,-1.1376129389,1.7400000095,-2.2699999809,1.2983553410,-0.9571960568,0.5219306946,0.0940355211,1.4089913368,-0.4007339776,-0.2288119793,-0.8361628652,-0.5924396515,-0.0549734905,1.3606047630,-0.5061744452,0.3449999988
0.0124468589,0.0170550346,0.4505000114,0.0086323423,0.0292274300,0.0196020361,0.9993432760,0.1581434608,-0.3490000069,-1.1060507298,-1.7400000095,-2.2699999809,-1.3413796425,-1.1376293898,1.7400000095,-2.2699999809,1.3002136946,-0.9585961103,0.5211353302,0.0948030353,1.4103105068,-0.4037102163,-0.2278476954,-0.8369408250,-0.5932350755,-0.0549874380,1.3589229584,-0.5037990808,0.3449999988
0.0124468589,0.0180522222,0.4505000114,0.0081866039,0.0296400208,0.0196108799,0.9993346930,0.1595942378,-0.3490000069,-1.1045511961,-1.7400000095,-2.2699999809,-1.3394913673,-1.1376293898,1.7400000095,-2.2699999809,1.3025798798,-0.9591958523,0.5199747086,0.0959636644,1.4108716249,-0.4065953791,-0.2249831110,-0.8381014466,-0.5943956971,-0.0549874380,1.3580387831,-0.5002427101,0.3449999988
0.0124468589,0.0193179380,0.4505000114,0.0073321993,0.0296367072,0.0196360908,0.9993409514,0.1587973386,-0.3490000069,-1.1040252447,-1.7400000095,-2.2699999809,-1.3372771740,-1.1367093325,1.7400000095,-2.2699999809,1.3046010733,-0.9615901709,0.5203318000,0.0960076302,1.4150289297,-0.4081639051,-0.2209543735,-0.8381454349,-0.5937582254,-0.0543059483,1.3568626642,-0.4960625470,0.3449999988
0.0124468589,0.0202157814,0.4505000114,0.0063012554,0.0296164323,0.0196666531,0.9993479848,0.1572606713,-0.3490000069,-1.1039150953,-1.7400000095,-2.2699999809,-1.3348180056,-1.1342675686,1.7400000095,-2.2699999809,1.3061435223,-0.9647963047,0.5215504169,0.0960076302,1.4203698635,-0.4088320136,-0.2161730379,-0.8381454349,-0.5925288796,-0.0530766137,1.3559172153,-0.4922813475,0.3449999988
0.0124468589,0.0202690214,0.4505000114,0.0055876090,0.0296033975,0.0198524166,0.9993489385,0.1600069106,-0.3490000069,-1.1037291288,-1.7400000095,-2.2699999809,-1.3318139315,-1.1321930885,1.7400000095,-2.2699999809,1.3074961901,-0.9665752649,0.5229455233,0.0960076228,1.4227710962,-0.4096207619,-0.2110727727,-0.8378459215,-0.5924859047,-0.0533171743,1.3558588028,-0.4899924695,0.3449999988
0.0124468589,0.0202690214,0.4505000114,0.0051680249,0.0295984466,0.0204513893,0.9993392825,0.1664084494,-0.3490000069,-1.1034572124,-1.7400000095,-2.2699999809,-1.3275432587,-1.1304003000,1.7400000095,-2.2699999809,1.3100048304,-0.9672114253,0.5238519907,0.0960076228,1.4233036041,-0.4106516838,-0.2076175511,-0.8366841674,-0.5927637219,-0.0544920713,1.3558588028,-0.4891093671,0.3449999988
0.0124468589,0.0205334146,0.4505000114,0.0047658444,0.0298274569,0.0211634897,0.9993196130,0.1664882004,-0.3490000069,-1.1033054590,-1.7400000095,-2.2699999809,-1.3212131262,-1.1278102398,1.7400000095,-2.2699999809,1.3152363300,-0.9682030678,0.5236300826,0.0962466821,1.4233129025,-0.4116416872,-0.2081292868,-0.8350630403,-0.5934016705,-0.0558977388,1.3551723957,-0.4888689220,0.3449999988
0.0124468589,0.0216601007,0.4505000114,0.0042475881,0.0304754786,0.0216597412,0.9992917776,0.1636714935,-0.3490000069,-1.1030985117,-1.7400000095,-2.2699999809,-1.3139241934,-1.1245265007,1.7400000095,-2.2699999809,1.3205462694,-0.9693070054,0.5224700570,0.0973500088,1.4233129025,-0.4132740498,-0.2104279995,-0.8338061571,-0.5944101810,-0.0568690076,1.3523323536,-0.4879826605,0.3449999988
0.0124468589,0.0230718646,0.4505000114,0.0036200141,0.0305710137,0.0215529911,0.9992936850,0.1601420790,-0.3490000069,-1.1024225950,-1.7400000095,-2.2699999809,-1.3079200983,-1.1213870049,1.7400000095,-2.2699999809,1.3218036890,-0.9694645405,0.5213224292,0.0989569947,1.4241440296,-0.4167565703,-0.2093344033,-0.8336454630,-0.5956991911,-0.0569874421,1.3489980698,-0.4849325716,0.3449999988
0.0124468589,0.0241035279,0.4505000114,0.0031063398,0.0305574369,0.0209052507,0.9993095398,0.1575629413,-0.3490000069,-1.1011818647,-1.7400000095,-2.2699999809,-1.3033648729,-1.1181651354,1.7400000095,-2.2699999809,1.3219872713,-0.9694645405,0.5204197764,0.1002837420,1.4271345139,-0.4212040901,-0.2040181309,-0.8336454630,-0.5967606306,-0.0569874421,1.3467140198,-0.4812079370,0.3449999988
0.0124468589,0.0242690220,0.4505000114,0.0030197862,0.0305550732,0.0207573734,0.9993129969,0.1571491957,-0.3490000069,-1.0995647907,-1.7400000095,-2.2699999809,-1.2987443209,-1.1137876511,1.7400000095,-2.2699999809,1.3217146397,-0.9694645405,0.5193966031,0.1003999114,1.4278129339,-0.4240715504,-0.2028380036,-0.8336454630,-0.5969397426,-0.0569874421,1.3463586569,-0.4805000126,0.3449999988
0.0124468589,0.0242690220,0.4505000114,0.0030197862,0.0305550732,0.0207573734,0.9993129969,0.1571491957,-0.3490000069,-1.0981791019,-1.7400000095,-2.2699999809,-1.2941235304,-1.1083369255,1.7400000095,-2.2699999809,1.3203878403,-0.9694645405,0.5183402300,0.0994936079,1.4278129339,-0.4248547256,-0.2035451084,-0.8336454630,-0.5969397426,-0.0569874421,1.3463586569,-0.4805000126,0.3449999988
0.0124468589,0.0242690220,0.4505000114,0.0029569697,0.0306540318,0.0207663272,0.9993099570,0.1569196135,-0.3490000069,-1.0981725454,-1.7400000095,-2.2699999809,-1.2911667824,-1.1030799150,1.7400000095,-2.2699999809,1.3199986219,-0.9695166945,0.5177934170,0.0976285264,1.4274119139,-0.4251801074,-0.2065096349,-0.8336454630,-0.5967392325,-0.0570025183,1.3463586569,-0.4805000126,0.3449999988
0.0124468589,0.0242690220,0.4505000114,0.0024313198,0.0312973149,0.0210811030,0.9992848635,0.1539986730,-0.3490000069,-1.1003533602,-1.7400000095,-2.2699999809,-1.2887631655,-1.0982394218,1.7400000095,-2.2699999809,1.3201495409,-0.9702613950,0.5172432661,0.0948391557,1.4247980118,-0.4260533452,-0.2130081356,-0.8336454630,-0.5954322815,-0.0576065667,1.3463586569,-0.4805000126,0.3449999988
0.0124468589,0.0244012196,0.4505000114,0.0017596401,0.0315323509,0.0223223660,0.9992518425,0.1467514336,-0.3490000069,-1.1023615599,-1.7400000095,-2.2699999809,-1.2822662592,-1.0926593542,1.7400000095,-2.2699999809,1.3210257292,-0.9722967148,0.5145676136,0.0912653059,1.4240773916,-0.4275610745,-0.2178738117,-0.8331167102,-0.5957329273,-0.0603601933,1.3461623192,-0.4804008603,0.3449999988
0.0124468589,0.0256704446,0.4505000114,0.0012120387,0.0315236561,0.0241572931,0.9992102981,0.1364114434,-0.3490000069,-1.1029943228,-1.7400000095,-2.2699999809,-1.2724231482,-1.0863054991,1.7400000095,-2.2699999809,1.3244746923,-0.9753642082,0.5080701709,0.0872967392,1.4266158342,-0.4293978214,-0.2189575881,-0.8280398250,-0.6033483744,-0.0674949959,1.3439235687,-0.4794489443,0.3449999988
0.0124468589,0.0262690224,0.4505000114,0.0007722325,0.0315522738,0.0248161983,0.9991937280,0.1280717552,-0.3490000069,-1.1036231518,-1.7400000095,-2.2699999809,-1.2684394121,-1.0810472965,1.7400000095,-2.2699999809,1.3259184361,-0.9779806733,0.5054307580,0.0837068483,1.4277657270,-0.4307389855,-0.2204628438,-0.8256455660,-0.6068633795,-0.0726784840,1.3413357735,-0.4790000319,0.3449999988
0.0124468589,0.0262690224,0.4505000114,0.0003153890,0.0321477056,0.0248289872,0.9991746545,0.1242380738,-0.3490000069,-1.1052772999,-1.7400000095,-2.2699999809,-1.2681678534,-1.0776805878,1.7400000095,-2.2699999809,1.3247046471,-0.9792186022,0.5054307580,0.0812436268,1.4268677235,-0.4314479530,-0.2241274565,-0.8256455660,-0.6056495905,-0.0732468739,1.3400974274,-0.4790000319,0.3449999988
0.0124468589,0.0262690224,0.4505000114,-0.0002535177,0.0324883275,0.0248639807,0.9991627932,0.1216504127,-0.3490000069,-1.1078605652,-1.7400000095,-2.2699999809,-1.2680643797,-1.0745564699,1.7400000095,-2.2699999809,1.3240299225,-0.9794644713,0.5054657459,0.0805076137,1.4256317616,-0.4328314066,-0.2258119285,-0.8255755901,-0.6050099134,-0.0751619339,1.3398587704,-0.4790349901,0.3449999988
0.0124468589,0.0262690224,0.4505000114,-0.0008960552,0.0324722901,0.0254541244,0.9991480708,0.1179103926,-0.3490000069,-1.1106778383,-1.7400000095,-2.2699999809,-1.2675451040,-1.0704271793,1.7400000095,-2.2699999809,1.3251706362,-0.9794644713,0.5066064000,0.0805076137,1.4247069359,-0.4352782667,-0.2258119285,-0.8232942820,-0.6072912216,-0.0811814815,1.3398587704,-0.4801756740,0.3449999988
0.0124468589,0.0262690224,0.4505000114,-0.0011815322,0.0324648693,0.0258747861,0.9991372228,0.1144210100,-0.3490000069,-1.1118768454,-1.7400000095,-2.2699999809,-1.2658982277,-1.0657435656,1.7400000095,-2.2699999809,1.3259544373,-0.9794644713,0.5074307323,0.0805076137,1.4237172604,-0.4364707768,-0.2258006930,-0.8216770291,-0.6089286804,-0.0844559819,1.3398498297,-0.4808112979,0.3449999988
0.0124468589,0.0262690224,0.4505000114,-0.0011815322,0.0324648693,0.0258747861,0.9991372228,0.1126070768,-0.3490000069,-1.1108269691,-1.7400000095,-2.2699999809,-1.2631342411,-1.0615067482,1.7400000095,-2.2699999809,1.3212304115,-0.9794644713,0.5074307323,0.0805076137,1.4224665165,-0.4330589175,-0.2244884372,-0.8253514171,-0.6076163650,-0.0807816535,1.3387999535,-0.4587653875,0.3449999988
0.0124468589,0.0262690224,0.4505000114,-0.0011815322,0.0324648693,0.0258747861,0.9991372228,0.1121491864,-0.3490000069,-1.1098858118,-1.7400000095,-2.2699999809,-1.2615921497,-1.0596295595,1.7400000095,-2.2699999809,1.3169950247,-0.9794644713,0.5074307323,0.0805076137,1.4218131304,-0.4299999774,-0.2233119309,-0.8286456466,-0.6064398885,-0.0774874315,1.3378587961,-0.4390000403,0.3449999988
0.0124468589,0.0262690224,0.4505000114,-0.0011815322,0.0324648693,0.0258747861,0.9991372228,0.1121491864,-0.3490000069,-1.1098858118,-1.7400000095,-2.2699999809,-1.2615921497,-1.0596295595,1.7400000095,-2.2699999809,1.3169950247,-0.9794644713,0.5074307323,0.0805076137,1.4218131304,-0.4299999774,-0.2233119309,-0.8286456466,-0.6064398885,-0.0774874315,1.3378587961,-0.4390000403,0.3449999988
0.0124468589,0.0262690224,0.4505000114,-0.0011815322,0.0324648693,0.0258747861,0.9991372228,0.1126070768,-0.3490000069,-1.1108269691,-1.7400000095,-2.2699999809,-1.2631342411,-1.0615067482,1.7400000095,-2.2699999809,1.3212304115,-0.9794644713,0.5074307323,0.0805076137,1.4224665165,-0.4330589175,-0.2244884372,-0.8253514171,-0.6076163650,-0.0807816535,1.3387999535,-0.4587653875,0.3449999988
0.0124468589,0.0262690224,0.4505000114,-0.0011815322,0.0324648693,0.0258747861,0.9991372228,0.1144210100,-0.3490000069,-1.1118768454,-1.7400000095,-2.2699999809,-1.2658982277,-1.0657435656,1.7400000095,-2.2699999809,1.3259544373,-0.9794644713,0.5074307323,0.0805076137,1.4237172604,-0.4364707768,-0.2258006930,-0.8216770291,-0.6089286804,-0.0844559819,1.3398498297,-0.4808112979,0.3449999988
0.0124468589,0.0262690224,0.4505000114,-0.0008960552,0.0324722901,0.0254541244,0.9991480708,0.1179103926,-0.3490000069,-1.1106778383,-1.7400000095,-2.2699999809,-1.2675451040,-1.0704271793,1.7400000095,-2.2699999809,1.3251706362,-0.9794644713,0.5066064000,0.0805076137,1.4247069359,-0.4352782667,-0.2258119285,-0.8232942820,-0.6072912216,-0.0811814815,1.3398587704,-0.4801756740,0.3449999988
0.0124468589,0.0262690224,0.4505000114,-0.0002535177,0.0324883275,0.0248639807,0.9991627932,0.1216504127,-0.3490000069,-1.1078605652,-1.7400000095,-2.2699999809,-1.2680643797,-1.0745564699,1.7400000095,-2.2699999809,1.3240299225,-0.9794644713,0.5054657459,0.0805076137,1.4256317616,-0.4328314066,-0.2258119285,-0.8255755901,-0.6050099134,-0.0751619339,1.3398587704,-0.4790349901,0.3449999988
0.0124468589,0.0262690224,0.4505000114,0.0003153890,0.0321477056,0.0248289872,0.9991746545,0.1242380738,-0.3490000069,-1.1052772999,-1.7400000095,-2.2699999809,-1.2681678534,-1.0776805878,1.7400000095,-2.2699999809,1.3247046471,-0.9792186022,0.5054307580,0.0812436268,1.4268677235,-0.4314479530,-0.2241274565,-0.8256455660,-0.6056495905,-0.0732468739,1.3400974274,-0.4790000319,0.3449999988
0.0124468589,0.0262690224,0.4505000114,0.0007722325,0.0315522738,0.0248161983,0.9991937280,0.1280717552,-0.3490000069,-1.1036231518,-1.7400000095,-2.2699999809,-1.2684394121,-1.0810472965,1.7400000095,-2.2699999809,1.3259184361,-0.9779806733,0.5054307580,0.0837068483,1.4277657270,-0.4307389855,-0.2204628438,-0.8256455660,-0.6068633795,-0.0726784840,1.3413357735,-0.4790000319,0.3449999988
0.0124468589,0.0256704446,0.4505000114,0.0012120387,0.0315236561,0.0241572931,0.9992102981,0.1364114434,-0.3490000069,-1.1029943228,-1.7400000095,-2.2699999809,-1.2724231482,-1.0863054991,1.7400000095,-2.2699999809,1.3244746923,-0.9753642082,0.5080701709,0.0872967392,1.4266158342,-0.4293978214,-0.2189575881,-0.8280398250,-0.6033483744,-0.0674949959,1.3439235687,-0.4794489443,0.3449999988
0.0124468589,0.0244012196,0.4505000114,0.0017596401,0.0315323509,0.0223223660,0.9992518425,0.1467514336,-0.3490000069,-1.1023615599,-1.7400000095,-2.2699999809,-1.2822662592,-1.0926593542,1.7400000095,-2.2699999809,1.3210257292,-0.9722967148,0.5145676136,0.0912653059,1.4240773916,-0.4275610745,-0.2178738117,-0.8331167102,-0.5957329273,-0.0603601933,1.3461623192,-0.4804008603,0.3449999988
0.0124468589,0.0242690220,0.4505000114,0.0024313198,0.0312973149,0.0210811030,0.9992848635,0.1539986730,-0.3490000069,-1.1003533602,-1.7400000095,-2.2699999809,-1.2887631655,-1.0982394218,1.7400000095,-2.2699999809,1.3201495409,-0.9702613950,0.5172432661,0.0948391557,1.4247980118,-0.4260533452,-0.2130081356,-0.8336454630,-0.5954322815,-0.0576065667,1.3463586569,-0.4805000126,0.3449999988
0.0124468589,0.0242690220,0.4505000114,0.0029569697,0.0306540318,0.0207663272,0.9993099570,0.1569196135,-0.3490000069,-1.0981725454,-1.7400000095,-2.2699999809,-1.2911667824,-1.1030799150,1.7400000095,-2.2699999809,1.3199986219,-0.9695166945,0.5177934170,0.0976285264,1.4274119139,-0.4251801074,-0.2065096349,-0.8336454630,-0.5967392325,-0.0570025183,1.3463586569,-0.4805000126,0.3449999988
0.0124468589,0.0242690220,0.4505000114,0.0030197862,0.0305550732,0.0207573734,0.9993129969,0.1571491957,-0.3490000069,-1.0981791019,-1.7400000095,-2.2699999809,-1.2941235304,-1.1083369255,1.7400000095,-2.2699999809,1.3203878403,-0.9694645405,0.5183402300,0.0994936079,1.4278129339,-0.4248547256,-0.2035451084,-0.8336454630,-0.5969397426,-0.0569874421,1.3463586569,-0.4805000126,0.3449999988
0.0124468589,0.0242690220,0.4505000114,0.0030197862,0.0305550732,0.0207573734,0.9993129969,0.1571491957,-0.3490000069,-1.0995647907,-1.7400000095,-2.2699999809,-1.2987443209,-1.1137876511,1.7400000095,-2.2699999809,1.3217146397,-0.9694645405,0.5193966031,0.1003999114,1.4278129339,-0.4240715504,-0.2028380036,-0.8336454630,-0.5969397426,-0.0569874421,1.3463586569,-0.4805000126,0.3449999988
0.0124468589,0.0241035279,0.4505000114,0.0031063398,0.0305574369,0.0209052507,0.9993095398,0.1575629413,-0.3490000069,-1.1011818647,-1.7400000095,-2.2699999809,-1.3033648729,-1.1181651354,1.7400000095,-2.2699999809,1.3219872713,-0.9694645405,0.5204197764,0.1002837420,1.4271345139,-0.4212040901,-0.2040181309,-0.8336454630,-0.5967606306,-0.0569874421,1.3467140198,-0.4812079370,0.3449999988
0.0124468589,0.0230718646,0.4505000114,0.0036200141,0.0305710137,0.0215529911,0.9992936850,0.1601420790,-0.3490000069,-1.1024225950,-1.7400000095,-2.2699999809,-1.3079200983,-1.1213870049,1.7400000095,-2.2699999809,1.3218036890,-0.9694645405,0.5213224292,0.0989569947,1.4241440296,-0.4167565703,-0.2093344033,-0.8336454630,-0.5956991911,-0.0569874421,1.3489980698,-0.4849325716,0.3449999988
0.0124468589,0.0216601007,0.4505000114,0.0042475881,0.0304754786,0.0216597412,0.9992917776,0.1636714935,-0.3490000069,-1.1030985117,-1.7400000095,-2.2699999809,-1.3139241934,-1.1245265007,1.7400000095,-2.2699999809,1.3205462694,-0.9693070054,0.5224700570,0.0973500088,1.4233129025,-0.4132740498,-0.2104279995,-0.8338061571,-0.5944101810,-0.0568690076,1.3523323536,-0.4879826605,0.3449999988
0.0124468589,0.0205334146,0.4505000114,0.0047658444,0.0298274569,0.0211634897,0.9993196130,0.1664882004,-0.3490000069,-1.1033054590,-1.7400000095,-2.2699999809,-1.3212131262,-1.1278102398,1.7400000095,-2.2699999809,1.3152363300,-0.9682030678,0.5236300826,0.0962466821,1.4233129025,-0.4116416872,-0.2081292868,-0.8350630403,-0.5934016705,-0.0558977388,1.3551723957,-0.4888689220,0.3449999988
0.0124468589,0.0202690214,0.4505000114,0.0051680249,0.0295984466,0.0204513893,0.9993392825,0.1664084494,-0.3490000069,-1.1034572124,-1.7400000095,-2.2699999809,-1.3275432587,-1.1304003000,1.7400000095,-2.2699999809,1.3100048304,-0.9672114253,0.5238519907,0.0960076228,1.4233036041,-0.4106516838,-0.2076175511,-0.8366841674,-0.5927637219,-0.0544920713,1.3558588028,-0.4891093671,0.3449999988
0.0124468589,0.0202690214,0.4505000114,0.0055876090,0.0296033975,0.0198524166,0.9993489385,0.1600069106,-0.3490000069,-1.1037291288,-1.7400000095,-2.2699999809,-1.3318139315,-1.1321930885,1.7400000095,-2.2699999809,1.3074961901,-0.9665752649,0.5229455233,0.0960076228,1.4227710962,-0.4096207619,-0.2110727727,-0.8378459215,-0.5924859047,-0.0533171743,1.3558588028,-0.4899924695,0.3449999988
0.0124468589,0.0202157814,0.4505000114,0.0063012554,0.0296164323,0.0196666531,0.9993479848,0.1572606713,-0.3490000069,-1.1039150953,-1.7400000095,-2.2699999809,-1.3348180056,-1.1342675686,1.7400000095,-2.2699999809,1.3061435223,-0.9647963047,0.5215504169,0.0960076302,1.4203698635,-0.4088320136,-0.2161730379,-0.8381454349,-0.5925288796,-0.0530766137,1.3559172153,-0.4922813475,0.3449999988
0.0124468589,0.0193179380,0.4505000114,0.0073321993,0.0296367072,0.0196360908,0.9993409514,0.1587973386,-0.3490000069,-1.1040252447,-1.7400000095,-2.2699999809,-1.3372771740,-1.1367093325,1.7400000095,-2.2699999809,1.3046010733,-0.9615901709,0.5203318000,0.0960076302,1.4150289297,-0.4081639051,-0.2209543735,-0.8381454349,-0.5937582254,-0.0543059483,1.3568626642,-0.4960625470,0.3449999988
0.0124468589,0.0180522222,0.4505000114,0.0081866039,0.0296400208,0.0196108799,0.9993346930,0.1595942378,-0.3490000069,-1.1045511961,-1.7400000095,-2.2699999809,-1.3394913673,-1.1376293898,1.7400000095,-2.2699999809,1.3025798798,-0.9591958523,0.5199747086,0.0959636644,1.4108716249,-0.4065953791,-0.2249831110,-0.8381014466,-0.5943956971,-0.0549874380,1.3580387831,-0.5002427101,0.3449999988
0.0124468589,0.0170550346,0.4505000114,0.0086323423,0.0292274300,0.0196020361,0.9993432760,0.1581434608,-0.3490000069,-1.1060507298,-1.7400000095,-2.2699999809,-1.3413796425,-1.1376293898,1.7400000095,-2.2699999809,1.3002136946,-0.9585961103,0.5211353302,0.0948030353,1.4103105068,-0.4037102163,-0.2278476954,-0.8369408250,-0.5932350755,-0.0549874380,1.3589229584,-0.5037990808,0.3449999988
0.0124468589,0.0161774345,0.4505000114,0.0091612944,0.0286154579,0.0195933394,0.9993564487,0.1571491957,-0.3490000069,-1.1068747044,-1.7400000095,-2.2699999809,-1.3420851231,-1.1376129389,1.7400000095,-2.2699999809,1.2983553410,-0.9571960568,0.5219306946,0.0940355211,1.4089913368,-0.4007339776,-0.2288119793,-0.8361628652,-0.5924396515,-0.0549734905,1.3606047630,-0.5061744452,0.3449999988
0.0124468589,0.0152321067,0.4505000114,0.0101182731,0.0281652771,0.0195714682,0.9993604422,0.1571491957,-0.3490000069,-1.1056498289,-1.7400000095,-2.2699999809,-1.3413928747,-1.1361144781,1.7400000095,-2.2699999809,1.2975279093,-0.9533044696,0.5219306946,0.0961838886,1.4042571783,-0.3985660374,-0.2287378460,-0.8375056386,-0.5924396515,-0.0538993031,1.3637242317,-0.5074742436,0.3449999988
0.0124468589,0.0142490426,0.4505000114,0.0111230500,0.0276997220,0.0195490606,0.9993632436,0.1571487039,-0.3490000069,-1.1028163433,-1.7400000095,-2.2699999809,-1.3400635719,-1.1335805655,1.7400000095,-2.2699999809,1.2969794273,-0.9494066238,0.5219318271,0.0980076268,1.4013131857,-0.3964502513,-0.2282964736,-0.8386454582,-0.5924389362,-0.0529874340,1.3669130802,-0.5095649958,0.3449999988
0.0124468589,0.0132824648,0.4505000114,0.0117899058,0.0270805936,0.0190546289,0.9993821383,0.1559239775,-0.3490000069,-1.0993096828,-1.7400000095,-2.2699999809,-1.3387138844,-1.1314152479,1.7400000095,-2.2699999809,1.2960745096,-0.9478155971,0.5238718987,0.0980076268,1.4013131857,-0.3937121928,-0.2261797786,-0.8386454582,-0.5912263989,-0.0529874340,1.3690317869,-0.5134912729,0.3449999988
0.0124468589,0.0123275248,0.4505000114,0.0121385232,0.0267205741,0.0185386389,0.9993973374,0.1524336040,-0.3490000069,-1.0973945856,-1.7400000095,-2.2699999809,-1.3376441002,-1.1288305521,1.7400000095,-2.2699999809,1.2954968214,-0.9474843144,0.5259205103,0.0980076268,1.4013131857,-0.3911281526,-0.2243209928,-0.8386454582,-0.5899460316,-0.0529874340,1.3711889982,-0.5159888864,0.3449999988
0.0124468589,0.0113687618,0.4505000114,0.0123521350,0.0267273709,0.0188729148,0.9993882775,0.1471941173,-0.3490000069,-1.0984532833,-1.7400000095,-2.2699999809,-1.3367815018,-1.1250094175,1.7400000095,-2.2699999809,1.2966188192,-0.9466901422,0.5259306431,0.0980076343,1.3985236883,-0.3895125091,-0.2251132429,-0.8398901820,-0.5901231170,-0.0538408421,1.3746829033,-0.5159999728,0.3442682028
0.0124468589,0.0104064820,0.4505000114,0.0129671693,0.0267470535,0.0194545649,0.9993687868,0.1425848752,-0.3490000069,-1.0998528004,-1.7400000095,-2.2699999809,-1.3346203566,-1.1214797497,1.7400000095,-2.2699999809,1.2995092869,-0.9440634251,0.5259306431,0.0980076343,1.3933742046,-0.3882210255,-0.2273957878,-0.8423450589,-0.5915554166,-0.0549604706,1.3791818619,-0.5159999728,0.3427123129
0.0124468589,0.0094450489,0.4505000114,0.0144441715,0.0260417741,0.0196837373,0.9993627071,0.1408613771,-0.3490000069,-1.0993330479,-1.7400000095,-2.2699999809,-1.3299726248,-1.1199272871,1.7400000095,-2.2699999809,1.3028542995,-0.9390174150,0.5250081420,0.0987456813,1.3909988403,-0.3862730861,-0.2306452990,-0.8438288569,-0.5951930285,-0.0542493872,1.3838448524,-0.5171541572,0.3415190279
0.0124468589,0.0084846318,0.4505000114,0.0161185190,0.0248786788,0.0197117198,0.9993661642,0.1400641501,-0.3490000069,-1.0984351635,-1.7400000095,-2.2699999809,-1.3262666464,-1.1186721325,1.7400000095,-2.2699999809,1.3049061298,-0.9351447225,0.5235115886,0.0999428853,1.3904684782,-0.3833146691,-0.2344297022,-0.8444994092,-0.5982913375,-0.0530521944,1.3877055645,-0.5199185014,0.3410174251
0.0124468589,0.0075239534,0.4505000114,0.0170205347,0.0248317197,0.0196907707,0.9993527532,0.1370104253,-0.3490000069,-1.0996904373,-1.7400000095,-2.2699999809,-1.3264399767,-1.1151880026,1.7400000095,-2.2699999809,1.3034299612,-0.9349649549,0.5238366127,0.0993817151,1.3892288208,-0.3793591857,-0.2382878065,-0.8453024626,-0.5980574489,-0.0529874302,1.3899761438,-0.5220448971,0.3409999907
0.0124468589,0.0065630884,0.4505000114,0.0173268728,0.0248377565,0.0196831580,0.9993475080,0.1315797269,-0.3490000069,-1.1038874388,-1.7400000095,-2.2699999809,-1.3276332617,-1.1104340553,1.7400000095,-2.2699999809,1.2994521856,-0.9349649549,0.5250433087,0.0981246829,1.3870397806,-0.3754506409,-0.2412620336,-0.8463327885,-0.5968561769,-0.0529874302,1.3916684389,-0.5238044858,0.3409999907
0.0124468589,0.0056026331,0.4505000114,0.0176706705,0.0248445235,0.0196746122,0.9993414879,0.1251278520,-0.3490000069,-1.1086908579,-1.7400000095,-2.2699999809,-1.3291816711,-1.1067879200,1.7400000095,-2.2699999809,1.2974457741,-0.9346130490,0.5261830688,0.0980076492,1.3847408295,-0.3729640841,-0.2425158322,-0.8473051786,-0.5955654979,-0.0529874302,1.3944498301,-0.5265338421,0.3398333192
0.0124468589,0.0046419194,0.4505000114,0.0181903951,0.0248547532,0.0196616892,0.9993321300,0.1190763414,-0.3490000069,-1.1129580736,-1.7400000095,-2.2699999809,-1.3306384087,-1.1039351225,1.7400000095,-2.2699999809,1.2967352867,-0.9334247708,0.5270859599,0.0980076492,1.3828588724,-0.3715527654,-0.2428056598,-0.8482445478,-0.5946415067,-0.0529874302,1.3977993727,-0.5298545957,0.3369102478
0.0124468589,0.0036797600,0.4505000114,0.0187369883,0.0248614922,0.0194397308,0.9993262291,0.1147409827,-0.3490000069,-1.1163257360,-1.7400000095,-2.2699999809,-1.3316239119,-1.1000360250,1.7400000095,-2.2699999809,1.2937320471,-0.9324010611,0.5280098319,0.0980076492,1.3816319704,-0.3698781133,-0.2421862334,-0.8493344188,-0.5942713618,-0.0529874302,1.3999850750,-0.5324307680,0.3374388218
0.0124468589,0.0027185010,0.4505000114,0.0192319229,0.0248580761,0.0187665094,0.9993298054,0.1114469320,-0.3490000069,-1.1186511517,-1.7400000095,-2.2699999809,-1.3320499659,-1.0945833921,1.7400000095,-2.2699999809,1.2880330086,-0.9315413237,0.5289897323,0.0980076492,1.3799101114,-0.3671930730,-0.2402009666,-0.8503476381,-0.5934788585,-0.0529874302,1.4007490873,-0.5339810252,0.3404167593
0.0124468589,0.0017625354,0.4505000114,0.0196286105,0.0248629190,0.0186272021,0.9993245602,0.1071480289,-0.3490000069,-1.1199797392,-1.7400000095,-2.2699999809,-1.3319311142,-1.0881291628,1.7400000095,-2.2699999809,1.2816314697,-0.9300747514,0.5299000740,0.0976031497,1.3757029772,-0.3632890582,-0.2428054512,-0.8508111835,-0.5905387402,-0.0528574809,1.4009993076,-0.5350560546,0.3392596841
0.0124468589,0.0008044668,0.4505000114,0.0200683642,0.0248711146,0.0186162591,0.9993158579,0.1020173728,-0.3490000069,-1.1209975481,-1.7400000095,-2.2699999809,-1.3312660456,-1.0822373629,1.7400000095,-2.2699999809,1.2763459682,-0.9280395508,0.5308204889,0.0959404260,1.3708350658,-0.3597030342,-0.2551095784,-0.8514887094,-0.5867556930,-0.0519061126,1.4027166367,-0.5369293094,0.3313238025
0.0124468589,-0.0001726974,0.4502610266,0.0208196193,0.0247642715,0.0185355339,0.9993046522,0.0982421488,-0.3490000069,-1.1229200363,-1.7400000095,-2.2699999809,-1.3318697214,-1.0792685747,1.7400000095,-2.2699999809,1.2736793756,-0.9262285233,0.5320047736,0.0955076516,1.3700522184,-0.3595986366,-0.2580731809,-0.8543715477,-0.5864175558,-0.0500517078,1.4087110758,-0.5414347649,0.3268019557
0.0124468589,-0.0011467582,0.4489419460,0.0218568314,0.0241131913,0.0180323943,0.9993076324,0.0960860327,-0.3490000069,-1.1252720356,-1.7400000095,-2.2699999809,-1.3361567259,-1.0781495571,1.7400000095,-2.2699999809,1.2721259594,-0.9251658916,0.5331510901,0.0955076516,1.3713713884,-0.3633457124,-0.2567541003,-0.8599013686,-0.5890556574,-0.0479085892,1.4177411795,-0.5477724671,0.3259567022
0.0124468589,-0.0020529907,0.4485000074,0.0227692295,0.0238924492,0.0173127931,0.9993052483,0.0935679600,-0.3490000069,-1.1257219315,-1.7400000095,-2.2699999809,-1.3373634815,-1.0739601851,1.7400000095,-2.2699999809,1.2668725252,-0.9249650240,0.5334305763,0.0953427926,1.3718132973,-0.3661135137,-0.2565333843,-0.8645008206,-0.5899394751,-0.0467370674,1.4239960909,-0.5521698594,0.3248973191
0.0124468589,-0.0029542586,0.4485000074,0.0235930067,0.0238927528,0.0167122055,0.9992963672,0.0905789435,-0.3490000069,-1.1244317293,-1.7400000095,-2.2699999809,-1.3352618217,-1.0669728518,1.7400000095,-2.2699999809,1.2586966753,-0.9249650240,0.5334305763,0.0940525159,1.3718132973,-0.3674356341,-0.2584700584,-0.8670244813,-0.5899394751,-0.0462659113,1.4262123108,-0.5537362099,0.3227504492
0.0124468589,-0.0040927446,0.4483973086,0.0249837749,0.0239133257,0.0165740065,0.9992643595,0.0896491781,-0.3490000069,-1.1241635084,-1.7400000095,-2.2699999809,-1.3331263065,-1.0647060871,1.7400000095,-2.2699999809,1.2564042807,-0.9250676632,0.5334305763,0.0935076624,1.3720185757,-0.3737894297,-0.2600829601,-0.8703535199,-0.5901448727,-0.0440072715,1.4298856258,-0.5558651686,0.3221796751
0.0124468589,-0.0053063906,0.4471535683,0.0267938580,0.0239602216,0.0171516817,0.9992066026,0.0896491781,-0.3490000069,-1.1281750202,-1.7400000095,-2.2699999809,-1.3320010900,-1.0656388998,1.7400000095,-2.2699999809,1.2613791227,-0.9263114333,0.5334305763,0.0935076624,1.3745061159,-0.3869638145,-0.2602848411,-0.8759859800,-0.5926322937,-0.0390262678,1.4376004934,-0.5595315695,0.3243562281
0.0124468589,-0.0057309805,0.4465000033,0.0274672303,0.0239808857,0.0174618643,0.9991824627,0.0894764289,-0.3490000069,-1.1332968473,-1.7400000095,-2.2699999809,-1.3300158978,-1.0660593510,1.7400000095,-2.2699999809,1.2639933825,-0.9269649982,0.5334305763,0.0934941918,1.3758132458,-0.3924998343,-0.2612401545,-0.8824422359,-0.5939394236,-0.0341617912,1.4459068775,-0.5609056354,0.3252574205
0.0124468589,-0.0057309805,0.4465000033,0.0274672303,0.0239808857,0.0174618643,0.9991824627,0.0850564986,-0.3490000069,-1.1366052628,-1.7400000095,-2.2699999809,-1.3259978294,-1.0641922951,1.7400000095,-2.2699999809,1.2639933825,-0.9269649982,0.5334305763,0.0931993276,1.3758132458,-0.3924998343,-0.2654373944,-0.8877635002,-0.5939394236,-0.0315954946,1.4515918493,-0.5588416457,0.3199498355
0.0124468589,-0.0057309805,0.4465000033,0.0274674725,0.0239806138,0.0174518991,0.9991825819,0.0790184438,-0.3490000069,-1.1392264366,-1.7400000095,-2.2699999809,-1.3209663630,-1.0612852573,1.7400000095,-2.2699999809,1.2640011311,-0.9269649982,0.5334305763,0.0930076763,1.3758132458,-0.3924308419,-0.2677972615,-0.8896448612,-0.5939394236,-0.0309874155,1.4533585310,-0.5575199723,0.3165199459
0.0124468589,-0.0057309805,0.4465000033,0.0274806246,0.0239655357,0.0169036128,0.9991920590,0.0752340853,-0.3490000069,-1.1423803568,-1.7400000095,-2.2699999809,-1.3159835339,-1.0588673353,1.7400000095,-2.2699999809,1.2647604942,-0.9269649982,0.5334305763,0.0930076763,1.3758132458,-0.3880288005,-0.2669741511,-0.8896448612,-0.5939394236,-0.0309874155,1.4533585310,-0.5586174726,0.3176173866
0.0124468589,-0.0057309805,0.4465000033,0.0274911970,0.0239534061,0.0164626725,0.9991993904,0.0719934180,-0.3490000069,-1.1460431814,-1.7400000095,-2.2699999809,-1.3114178181,-1.0570663214,1.7400000095,-2.2699999809,1.2671283484,-0.9269649982,0.5334305763,0.0930076763,1.3758132458,-0.3812577724,-0.2663125098,-0.8896448612,-0.5939394236,-0.0309874155,1.4533585310,-0.5594989061,0.3184977174
0.0124468589,-0.0057309805,0.4465000033,0.0274911970,0.0239534061,0.0164626725,0.9991993904,0.0674048588,-0.3490000069,-1.1500120163,-1.7400000095,-2.2699999809,-1.3075375557,-1.0557427406,1.7400000095,-2.2699999809,1.2712346315,-0.9269649982,0.5334305763,0.0930076763,1.3758132458,-0.3766873479,-0.2667184472,-0.8896448612,-0.5939394236,-0.0309874155,1.4533585310,-0.5588750243,0.3174999654
0.0124468589,-0.0057309805,0.4465000033,0.0274911970,0.0239534061,0.0164626725,0.9991993904,0.0623442531,-0.3490000069,-1.1542111635,-1.7400000095,-2.2699999809,-1.3046824932,-1.0546709299,1.7400000095,-2.2699999809,1.2758190632,-0.9269649982,0.5334305763,0.0930076763,1.3758132458,-0.3726938367,-0.2686821520,-0.8896448612,-0.5939394236,-0.0309874155,1.4533585310,-0.5575588346,0.3165022731
0.0124468589,-0.0057309805,0.4465000033,0.0274984781,0.0239450503,0.0161590017,0.9992043376,0.0580876879,-0.3490000069,-1.1585649252,-1.7400000095,-2.2699999809,-1.3031058311,-1.0536073446,1.7400000095,-2.2699999809,1.2796566486,-0.9269649982,0.5343131423,0.0930076763,1.3758132458,-0.3671644628,-0.2725850046,-0.8910665512,-0.5935720205,-0.0298175588,1.4551236629,-0.5562155247,0.3164999783
0.0124468589,-0.0057309805,0.4465000033,0.0275134016,0.0239278991,0.0155359078,0.9992142320,0.0549534857,-0.3490000069,-1.1628737450,-1.7400000095,-2.2699999809,-1.3025981188,-1.0523145199,1.7400000095,-2.2699999809,1.2830685377,-0.9269649982,0.5354105830,0.0930076763,1.3758132458,-0.3619677722,-0.2752693892,-0.8934485912,-0.5921938419,-0.0272982586,1.4573185444,-0.5555102825,0.3164999783
0.0124468589,-0.0057309805,0.4465000033,0.0275229178,0.0240659919,0.0150302863,0.9992184639,0.0529822558,-0.3490000069,-1.1669656038,-1.7400000095,-2.2699999809,-1.3036634922,-1.0507172346,1.7400000095,-2.2699999809,1.2867499590,-0.9269649982,0.5354305506,0.0935276002,1.3752933741,-0.3594836593,-0.2726289928,-0.8942177892,-0.5897714496,-0.0250496436,1.4565918446,-0.5562667251,0.3178415895
0.0124468589,-0.0057309805,0.4465000033,0.0275237467,0.0246944241,0.0145539865,0.9992101192,0.0521729924,-0.3490000069,-1.1710313559,-1.7400000095,-2.2699999809,-1.3061261177,-1.0496684313,1.7400000095,-2.2699999809,1.2910293341,-0.9269649982,0.5354305506,0.0947623625,1.3740586042,-0.3590021729,-0.2685008645,-0.8951383829,-0.5880083442,-0.0233053584,1.4554123878,-0.5574461818,0.3199056387
0.0124468589,-0.0057309805,0.4465000033,0.0275207143,0.0258647203,0.0139068170,0.9991897941,0.0521491729,-0.3490000069,-1.1753320694,-1.7400000095,-2.2699999809,-1.3079026937,-1.0502824783,1.7400000095,-2.2699999809,1.2959568501,-0.9269649982,0.5358132124,0.0957946107,1.3730263710,-0.3599006236,-0.2693427205,-0.9004413486,-0.5879395008,-0.0218670759,1.4573191404,-0.5556748509,0.3180392385
0.0124468589,-0.0057309805,0.4465000033,0.0275186133,0.0268032011,0.0134139471,0.9991718531,0.0521491729,-0.3490000069,-1.1796864271,-1.7400000095,-2.2699999809,-1.3085632324,-1.0515263081,1.7400000095,-2.2699999809,1.3004877567,-0.9269649982,0.5370213389,0.0966988131,1.3721221685,-0.3623347282,-0.2723728120,-0.9071260691,-0.5879395008,-0.0210380908,1.4610503912,-0.5519614220,0.3143080175
0.0124468589,-0.0057309805,0.4465000033,0.0275184792,0.0268683881,0.0133802639,0.9991706014,0.0525920056,-0.3490000069,-1.1836870909,-1.7400000095,-2.2699999809,-1.3079314232,-1.0512026548,1.7400000095,-2.2699999809,1.3032748699,-0.9264201522,0.5384194851,0.0979078636,1.3709131479,-0.3642109036,-0.2754109204,-0.9076446295,-0.5879395008,-0.0209874101,1.4613584280,-0.5511417985,0.3139999509
0.0124468589,-0.0057309805,0.4465000033,0.0275184792,0.0268683881,0.0133802639,0.9991706014,0.0540744290,-0.3490000069,-1.1866891384,-1.7400000095,-2.2699999809,-1.3053374290,-1.0497293472,1.7400000095,-2.2699999809,1.3048777580,-0.9251298904,0.5393425822,0.0989043713,1.3699166775,-0.3649503887,-0.2776801884,-0.9076446295,-0.5879395008,-0.0209874101,1.4613584280,-0.5510028601,0.3139999509
0.0124468589,-0.0057309805,0.4465000033,0.0275151990,0.0270891618,0.0133740185,0.9991648197,0.0554829612,-0.3490000069,-1.1880378723,-1.7400000095,-2.2699999809,-1.3018120527,-1.0482085943,1.7400000095,-2.2699999809,1.3068093061,-0.9254069328,0.5394304991,0.0990076885,1.3698133230,-0.3649998307,-0.2791558504,-0.9080865383,-0.5873450041,-0.0201035757,1.4609165192,-0.5510001183,0.3146628141
0.0124468589,-0.0057309805,0.4465000033,0.0275053885,0.0277481340,0.0133553697,0.9991471767,0.0566074476,-0.3490000069,-1.1887239218,-1.7400000095,-2.2699999809,-1.2983661890,-1.0470492840,1.7400000095,-2.2699999809,1.3088841438,-0.9267260432,0.5394304991,0.0990076885,1.3698133230,-0.3649998307,-0.2800280154,-0.9094056487,-0.5850145817,-0.0174653828,1.4595974684,-0.5510001183,0.3166414797
0.0124468589,-0.0057309805,0.4465000033,0.0275036134,0.0278675277,0.0133519899,0.9991439581,0.0579495765,-0.3490000069,-1.1907489300,-1.7400000095,-2.2699999809,-1.2959015369,-1.0461632013,1.7400000095,-2.2699999809,1.3098142147,-0.9269649982,0.5394304991,0.0990076885,1.3698133230,-0.3651936352,-0.2806417942,-0.9096446037,-0.5829492807,-0.0169874057,1.4593584538,-0.5510001183,0.3163670003
0.0124468589,-0.0057309805,0.4465000033,0.0275036134,0.0278675277,0.0133519899,0.9991439581,0.0602379292,-0.3490000069,-1.1933557987,-1.7400000095,-2.2699999809,-1.2947407961,-1.0450706482,1.7400000095,-2.2699999809,1.3102133274,-0.9269649982,0.5394304991,0.0990076885,1.3698133230,-0.3662575781,-0.2815153301,-0.9096446037,-0.5820453167,-0.0169874057,1.4593584538,-0.5510001183,0.3130851686
0.0127060730,-0.0057309805,0.4465000033,0.0274997503,0.0281265099,0.0133446585,0.9991369247,0.0642987564,-0.3490000069,-1.1938866377,-1.7400000095,-2.2699999809,-1.2950466871,-1.0430126190,1.7400000095,-2.2699999809,1.3123803139,-0.9269649982,0.5394304991,0.0987484753,1.3698133230,-0.3676756024,-0.2832914889,-0.9099038243,-0.5819395781,-0.0169874057,1.4596176147,-0.5511945486,0.3093515038
0.0140296016,-0.0057309805,0.4465000033,0.0274800174,0.0294488408,0.0133072156,0.9990998507,0.0686160251,-0.3490000069,-1.1938866377,-1.7400000095,-2.2699999809,-1.2973628044,-1.0406936407,1.7400000095,-2.2699999809,1.3160167933,-0.9269649982,0.5394304991,0.0974249542,1.3698133230,-0.3694422841,-0.2859889269,-0.9112273455,-0.5819395781,-0.0169874057,1.4609410763,-0.5521871448,0.3069578707
0.0144468592,-0.0056204153,0.4465000033,0.0274222065,0.0298624914,0.0132059418,0.9990905523,0.0696491748,-0.3490000069,-1.1940265894,-1.7400000095,-2.2699999809,-1.2980271578,-1.0401289463,1.7400000095,-2.2699999809,1.3169938326,-0.9267826676,0.5392481685,0.0970076919,1.3698792458,-0.3722532690,-0.2889395654,-0.9116445780,-0.5820541978,-0.0169874057,1.4610996246,-0.5521371365,0.3064999282
0.0144468592,-0.0046260837,0.4465000033,0.0269488543,0.0298384726,0.0125716748,0.9991123080,0.0696491748,-0.3490000069,-1.1951458454,-1.7400000095,-2.2699999809,-1.2972226143,-1.0401289463,1.7400000095,-2.2699999809,1.3169938326,-0.9254835248,0.5379490256,0.0970076919,1.3706837893,-0.3761416674,-0.2912332416,-0.9116445780,-0.5830655098,-0.0169874057,1.4589511156,-0.5490213633,0.3064999282
0.0144468592,-0.0033757794,0.4465000033,0.0263210852,0.0298236515,0.0123316180,0.9991324544,0.0696794167,-0.3490000069,-1.1960762739,-1.7400000095,-2.2699999809,-1.2954468727,-1.0402168036,1.7400000095,-2.2699999809,1.3170932531,-0.9249650240,0.5374305248,0.0971587598,1.3724610806,-0.3802104592,-0.2913734019,-0.9116445780,-0.5842691660,-0.0169169679,1.4568955898,-0.5456412435,0.3065089285
0.0144468592,-0.0024042584,0.4465000033,0.0258194059,0.0298174564,0.0123465918,0.9991455674,0.0704438984,-0.3490000069,-1.1963608265,-1.7400000095,-2.2699999809,-1.2933292389,-1.0411596298,1.7400000095,-2.2699999809,1.3184498549,-0.9249650240,0.5374305248,0.0990958288,1.3747005463,-0.3840038180,-0.2866595089,-0.9116445780,-0.5851706266,-0.0159838665,1.4560979605,-0.5437606573,0.3070150614
0.0144468592,-0.0015310487,0.4465000033,0.0254229959,0.0298117157,0.0123260925,0.9991561770,0.0728820041,-0.3490000069,-1.1963329315,-1.7400000095,-2.2699999809,-1.2926421165,-1.0416290760,1.7400000095,-2.2699999809,1.3204288483,-0.9248355031,0.5373657346,0.1014587134,1.3759425879,-0.3879091740,-0.2844256163,-0.9116445780,-0.5862102509,-0.0147254523,1.4549942017,-0.5420487523,0.3091940880
0.0144468592,-0.0005897016,0.4465000033,0.0250380654,0.0297917649,0.0117400130,0.9991735220,0.0768207312,-0.3490000069,-1.1951841116,-1.7400000095,-2.2699999809,-1.2937316895,-1.0416290760,1.7400000095,-2.2699999809,1.3219826221,-0.9224411249,0.5361685753,0.1027184576,1.3760646582,-0.3920820653,-0.2865207195,-0.9116445780,-0.5874408484,-0.0137434453,1.4527541399,-0.5393276215,0.3132969439
0.0144468592,0.0004155158,0.4465000033,0.0244247597,0.0297754072,0.0113898981,0.9991933107,0.0799512640,-0.3490000069,-1.1937159300,-1.7400000095,-2.2699999809,-1.2952978611,-1.0416084528,1.7400000095,-2.2699999809,1.3224936724,-0.9209756851,0.5354305506,0.1030076966,1.3764313459,-0.3960281909,-0.2877463996,-0.9116445780,-0.5879395008,-0.0128559526,1.4506150484,-0.5353511572,0.3175380528
0.0144468592,0.0014290961,0.4465000033,0.0234833062,0.0297646653,0.0114179486,0.9992158413,0.0810260251,-0.3490000069,-1.1928501129,-1.7400000095,-2.2699999809,-1.2964222431,-1.0406036377,1.7400000095,-2.2699999809,1.3224110603,-0.9216081500,0.5354305506,0.1030076966,1.3779906034,-0.3993563354,-0.2847591043,-0.9116445780,-0.5879395008,-0.0118868081,1.4495798349,-0.5304706097,0.3206144571
0.0144468592,0.0023170775,0.4465000033,0.0224801619,0.0297531877,0.0114478236,0.9992389083,0.0822832882,-0.3490000069,-1.1917968988,-1.7400000095,-2.2699999809,-1.2971272469,-1.0390421152,1.7400000095,-2.2699999809,1.3219478130,-0.9230750799,0.5354390740,0.1030115709,1.3804836273,-0.4021596313,-0.2811748087,-0.9116445780,-0.5879394412,-0.0109318858,1.4493585825,-0.5262989402,0.3231578469
0.0144468592,0.0030838633,0.4465000033,0.0215948354,0.0297430400,0.0114741819,0.9992583990,0.0855735540,-0.3490000069,-1.1897739172,-1.7400000095,-2.2699999809,-1.2978665829,-1.0379894972,1.7400000095,-2.2699999809,1.3207674026,-0.9250714183,0.5374994874,0.1041110009,1.3836785555,-0.4047521949,-0.2803350985,-0.9116445780,-0.5876744986,-0.0097827436,1.4493585825,-0.5237312317,0.3257114589
0.0144468592,0.0042371647,0.4465000033,0.0205640942,0.0297311842,0.0115048550,0.9992801547,0.0895740241,-0.3490000069,-1.1869497299,-1.7400000095,-2.2699999809,-1.3000228405,-1.0376291275,1.7400000095,-2.2699999809,1.3190323114,-0.9269334674,0.5413518548,0.1069344580,1.3882014751,-0.4079229534,-0.2788816988,-0.9116445780,-0.5859977603,-0.0070703216,1.4493585825,-0.5205902457,0.3274795711
0.0144468592,0.0061410670,0.4465000033,0.0191963613,0.0296901073,0.0102514112,0.9993222356,0.0928948745,-0.3490000069,-1.1836749315,-1.7400000095,-2.2699999809,-1.3045351505,-1.0390983820,1.7400000095,-2.2699999809,1.3170381784,-0.9281152487,0.5447522402,0.1107325107,1.3943551779,-0.4121500552,-0.2735394835,-0.9116445780,-0.5816440582,-0.0020069196,1.4462419748,-0.5150951147,0.3278729916
0.0144468592,0.0081037525,0.4465000033,0.0177905783,0.0296309330,0.0078204675,0.9993720055,0.0966677591,-0.3490000069,-1.1802357435,-1.7400000095,-2.2699999809,-1.3096368313,-1.0422877073,1.7400000095,-2.2699999809,1.3147490025,-0.9288894534,0.5472295284,0.1129830033,1.4003108740,-0.4161694646,-0.2673132122,-0.9116445780,-0.5763946176,0.0026963763,1.4395636320,-0.5098691583,0.3283646405
0.0144468592,0.0093445498,0.4465000033,0.0166667067,0.0295942686,0.0062057781,0.9994037747,0.1022479758,-0.3490000069,-1.1768150330,-1.7400000095,-2.2699999809,-1.3131484985,-1.0453321934,1.7400000095,-2.2699999809,1.3121501207,-0.9297000170,0.5487837195,0.1130077019,1.4041783810,-0.4187075794,-0.2638340890,-0.9100538492,-0.5730935931,0.0044861850,1.4334905148,-0.5078002214,0.3330942988
0.0144468592,0.0101265088,0.4465000033,0.0158447754,0.0295801070,0.0056660250,0.9994207621,0.1085603163,-0.3490000069,-1.1731274128,-1.7400000095,-2.2699999809,-1.3145580292,-1.0473953485,1.7400000095,-2.2699999809,1.3098279238,-0.9307402372,0.5494148135,0.1130077019,1.4068195820,-0.4209575355,-0.2610591054,-0.9077326059,-0.5719637871,0.0049012192,1.4304443598,-0.5068474412,0.3387904465
0.0144468592,0.0109952698,0.4465000033,0.0152503075,0.0295765437,0.0056716143,0.9994301200,0.1139518172,-0.3490000069,-1.1688153744,-1.7400000095,-2.2699999809,-1.3126881123,-1.0482466221,1.7400000095,-2.2699999809,1.3084667921,-0.9320248365,0.5494303703,0.1143706962,1.4097933769,-0.4246065319,-0.2559155822,-0.9083262086,-0.5726212263,0.0059114522,1.4303586483,-0.5038557053,0.3383184969
0.0144468592,0.0120001948,0.4465000033,0.0148179848,0.0295740888,0.0056844084,0.9994366169,0.1184878126,-0.3490000069,-1.1641280651,-1.7400000095,-2.2699999809,-1.3090053797,-1.0494532585,1.7400000095,-2.2699999809,1.3080103397,-0.9329126477,0.5494303703,0.1168293580,1.4130159616,-0.4289499819,-0.2515835464,-0.9095555544,-0.5738505125,0.0069447034,1.4303586483,-0.4995568097,0.3370891511
0.0144468592,0.0129915485,0.4465000033,0.0144637916,0.0295694061,0.0055130096,0.9994428754,0.1228294596,-0.3490000069,-1.1595449448,-1.7400000095,-2.2699999809,-1.3082277775,-1.0528968573,1.7400000095,-2.2699999809,1.3079940081,-0.9329648018,0.5494303703,0.1170077175,1.4157326221,-0.4324556589,-0.2532511652,-0.9092270136,-0.5739396811,0.0070126276,1.4286718369,-0.4961942434,0.3382309973
0.0144468592,0.0139418682,0.4465000033,0.0139922453,0.0295583867,0.0049328329,0.9994528890,0.1263556182,-0.3490000069,-1.1552791595,-1.7400000095,-2.2699999809,-1.3080946207,-1.0562901497,1.7400000095,-2.2699999809,1.3079940081,-0.9329648018,0.5494303703,0.1170077175,1.4174847603,-0.4353901446,-0.2592521310,-0.9069827199,-0.5739396811,0.0070126276,1.4227808714,-0.4946144819,0.3418610990
0.0144468592,0.0148883043,0.4465000033,0.0131620271,0.0295464490,0.0043697362,0.9994672537,0.1279465556,-0.3490000069,-1.1513288021,-1.7400000095,-2.2699999809,-1.3080459833,-1.0562787056,1.7400000095,-2.2699999809,1.3063991070,-0.9329648018,0.5498973727,0.1170077175,1.4180965424,-0.4388413131,-0.2642511725,-0.9024469256,-0.5734726787,0.0060785720,1.4159435034,-0.4945003688,0.3443535566
0.0144468592,0.0158502422,0.4465000033,0.0121536041,0.0295364205,0.0039434894,0.9994820356,0.1288133562,-0.3490000069,-1.1468338966,-1.7400000095,-2.2699999809,-1.3073410988,-1.0552936792,1.7400000095,-2.2699999809,1.3009554148,-0.9329648018,0.5512109399,0.1170077175,1.4188678265,-0.4421168566,-0.2669765949,-0.8982195854,-0.5721591115,0.0034514721,1.4102115631,-0.4945003688,0.3449825346
0.0144468592,0.0168324877,0.4465000033,0.0114076659,0.0295286756,0.0035501383,0.9994925261,0.1315944493,-0.3490000069,-1.1405102015,-1.7400000095,-2.2699999809,-1.3050183058,-1.0551704168,1.7400000095,-2.2699999809,1.2974489927,-0.9337668419,0.5514303446,0.1166383326,1.4219435453,-0.4435030818,-0.2688375711,-0.8976448774,-0.5719397068,0.0032508157,1.4065830708,-0.4937616289,0.3449999988
0.0144468592,0.0178011637,0.4465000033,0.0109851621,0.0295219626,0.0030930000,0.9994989634,0.1366664171,-0.3490000069,-1.1335850954,-1.7400000095,-2.2699999809,-1.3021419048,-1.0559893847,1.7400000095,-2.2699999809,1.2965312004,-0.9372779131,0.5514303446,0.1153092682,1.4270948172,-0.4442171156,-0.2701122761,-0.8976448774,-0.5719397068,0.0043758689,1.4048687220,-0.4911034703,0.3449999988
0.0144468592,0.0186969042,0.4462199211,0.0106316544,0.0295143463,0.0024958455,0.9995046854,0.1425076127,-0.3490000069,-1.1292567253,-1.7400000095,-2.2699999809,-1.3022922277,-1.0592620373,1.7400000095,-2.2699999809,1.2973036766,-0.9399735928,0.5519905090,0.1155678704,1.4321881533,-0.4485624135,-0.2694395483,-0.8976448774,-0.5720927715,0.0055213296,1.4039251804,-0.4919707775,0.3449999988
0.0144468592,0.0196138825,0.4448930919,0.0101809753,0.0295074750,0.0019490181,0.9995108247,0.1475931555,-0.3490000069,-1.1278774738,-1.7400000095,-2.2699999809,-1.3056093454,-1.0661561489,1.7400000095,-2.2699999809,1.3020130396,-0.9413957000,0.5546441674,0.1182215661,1.4369552135,-0.4575840235,-0.2645751238,-0.8976448774,-0.5731097460,0.0064089014,1.4030103683,-0.4989367723,0.3449999988
0.0144468592,0.0207909625,0.4444999993,0.0095753716,0.0295051113,0.0018449043,0.9995170832,0.1505176127,-0.3490000069,-1.1268422604,-1.7400000095,-2.2699999809,-1.3065418005,-1.0721957684,1.7400000095,-2.2699999809,1.3064856529,-0.9447298646,0.5552297831,0.1186066717,1.4430254698,-0.4598495662,-0.2606112659,-0.8976448774,-0.5745204091,0.0075173066,1.4018383026,-0.5009001493,0.3449999988
0.0144468592,0.0219560415,0.4444999993,0.0089954389,0.0295040365,0.0018620233,0.9995224476,0.1522247940,-0.3490000069,-1.1246002913,-1.7400000095,-2.2699999809,-1.3062151670,-1.0754452944,1.7400000095,-2.2699999809,1.3082695007,-0.9495324492,0.5539228916,0.1159928665,1.4491542578,-0.4588693678,-0.2593970001,-0.8976448774,-0.5756594539,0.0086900108,1.4006726742,-0.5002467036,0.3449999988
0.0144468592,0.0222690217,0.4444999993,0.0088419672,0.0295037478,0.0018665532,0.9995238185,0.1565892398,-0.3490000069,-1.1211289167,-1.7400000095,-2.2699999809,-1.3063299656,-1.0780440569,1.7400000095,-2.2699999809,1.3084282875,-0.9509645700,0.5534303188,0.1150077358,1.4508128166,-0.4584999382,-0.2593123317,-0.8976448774,-0.5759396553,0.0090126442,1.4003590345,-0.5000004768,0.3449999988
0.0144468592,0.0222690217,0.4444999993,0.0088419672,0.0295037478,0.0018665532,0.9995238185,0.1643275768,-0.3490000069,-1.1174068451,-1.7400000095,-2.2699999809,-1.3090542555,-1.0812202692,1.7400000095,-2.2699999809,1.3077934980,-0.9509645700,0.5534303188,0.1150077358,1.4508128166,-0.4584999382,-0.2593123317,-0.8976448774,-0.5759396553,0.0090126442,1.4003590345,-0.5000004768,0.3449999988
0.0144468592,0.0222690217,0.4444999993,0.0088374512,0.0295051020,0.0020195402,0.9995235205,0.1708863378,-0.3490000069,-1.1157475710,-1.7400000095,-2.2699999809,-1.3122481108,-1.0843518972,1.7400000095,-2.2699999809,1.3078321218,-0.9511941671,0.5533322096,0.1149312034,1.4508526325,-0.4584234357,-0.2590794861,-0.8974918723,-0.5760377645,0.0089361137,1.4004355669,-0.5000004768,0.3449999988
0.0144468592,0.0222690217,0.4444999993,0.0087657981,0.0295264646,0.0044460022,0.9995157123,0.1736680865,-0.3490000069,-1.1156339645,-1.7400000095,-2.2699999809,-1.3142486811,-1.0872336626,1.7400000095,-2.2699999809,1.3141014576,-0.9548355341,0.5514965653,0.1137173995,1.4516718388,-0.4572096169,-0.2550135255,-0.8950642347,-0.5778734088,0.0077223005,1.4016493559,-0.5000004768,0.3449999988
0.0144468592,0.0223040003,0.4444999993,0.0087064030,0.0295387767,0.0058651404,0.9995085001,0.1748447120,-0.3490000069,-1.1152325869,-1.7400000095,-2.2699999809,-1.3165705204,-1.0908017159,1.7400000095,-2.2699999809,1.3220731020,-0.9569644928,0.5490956903,0.1130427197,1.4530476332,-0.4565698802,-0.2508776784,-0.8936449289,-0.5802742839,0.0070126443,1.4022890329,-0.4998255968,0.3449999988
0.0144468592,0.0234446749,0.4444999993,0.0081363423,0.0295354240,0.0058819861,0.9995133281,0.1766361743,-0.3490000069,-1.1131972075,-1.7400000095,-2.2699999809,-1.3202803135,-1.0954585075,1.7400000095,-2.2699999809,1.3261115551,-0.9569644928,0.5477653146,0.1141833961,1.4543147087,-0.4588512480,-0.2494840622,-0.8936449289,-0.5816046596,0.0070126443,1.4000077248,-0.4941221774,0.3449999988
0.0144468592,0.0242690220,0.4444999993,0.0077243699,0.0295329988,0.0058941594,0.9995166063,0.1800007671,-0.3490000069,-1.1107139587,-1.7400000095,-2.2699999809,-1.3244152069,-1.0999540091,1.7400000095,-2.2699999809,1.3269937038,-0.9569644928,0.5474303961,0.1150077358,1.4548127651,-0.4604999423,-0.2493123114,-0.8936449289,-0.5819395781,0.0070126443,1.3983590603,-0.4900004566,0.3449999988
0.0144468592,0.0242690220,0.4444999993,0.0077243699,0.0295329988,0.0058941594,0.9995166063,0.1846727580,-0.3490000069,-1.1092872620,-1.7400000095,-2.2699999809,-1.3277349472,-1.1030207872,1.7400000095,-2.2699999809,1.3269935846,-0.9569644928,0.5474303961,0.1150077358,1.4548127651,-0.4604999423,-0.2493123114,-0.8936449289,-0.5819395781,0.0070126443,1.3983590603,-0.4900004566,0.3449999988
0.0144468592,0.0242690220,0.4444999993,0.0077243699,0.0295329988,0.0058941594,0.9995166063,0.1871491522,-0.3490000069,-1.1088857651,-1.7400000095,-2.2699999809,-1.3290922642,-1.1041288376,1.7400000095,-2.2699999809,1.3269935846,-0.9569644928,0.5474303961,0.1150077358,1.4548127651,-0.4604999423,-0.2493123114,-0.8936449289,-0.5819395781,0.0070126443,1.3983590603,-0.4900004566,0.3449999988
0.0144468592,0.0242690220,0.4444999993,0.0077243699,0.0295329988,0.0058941594,0.9995166063,0.1846727580,-0.3490000069,-1.1092872620,-1.7400000095,-2.2699999809,-1.3277349472,-1.1030207872,1.7400000095,-2.2699999809,1.3269935846,-0.9569644928,0.5474303961,0.1150077358,1.4548127651,-0.4604999423,-0.2493123114,-0.8936449289,-0.5819395781,0.0070126443,1.3983590603,-0.4900004566,0.3449999988
0.0144468592,0.0242690220,0.4444999993,0.0077243699,0.0295329988,0.0058941594,0.9995166063,0.1800007671,-0.3490000069,-1.1107139587,-1.7400000095,-2.2699999809,-1.3244152069,-1.0999540091,1.7400000095,-2.2699999809,1.3269937038,-0.9569644928,0.5474303961,0.1150077358,1.4548127651,-0.4604999423,-0.2493123114,-0.8936449289,-0.5819395781,0.0070126443,1.3983590603,-0.4900004566,0.3449999988
0.0144468592,0.0234446749,0.4444999993,0.0081363423,0.0295354240,0.0058819861,0.9995133281,0.1766361743,-0.3490000069,-1.1131972075,-1.7400000095,-2.2699999809,-1.3202803135,-1.0954585075,1.7400000095,-2.2699999809,1.3261115551,-0.9569644928,0.5477653146,0.1141833961,1.4543147087,-0.4588512480,-0.2494840622,-0.8936449289,-0.5816046596,0.0070126443,1.4000077248,-0.4941221774,0.3449999988
0.0144468592,0.0223040003,0.4444999993,0.0087064030,0.0295387767,0.0058651404,0.9995085001,0.1748447120,-0.3490000069,-1.1152325869,-1.7400000095,-2.2699999809,-1.3165705204,-1.0908017159,1.7400000095,-2.2699999809,1.3220731020,-0.9569644928,0.5490956903,0.1130427197,1.4530476332,-0.4565698802,-0.2508776784,-0.8936449289,-0.5802742839,0.0070126443,1.4022890329,-0.4998255968,0.3449999988
0.0144468592,0.0222690217,0.4444999993,0.0087657981,0.0295264646,0.0044460022,0.9995157123,0.1736680865,-0.3490000069,-1.1156339645,-1.7400000095,-2.2699999809,-1.3142486811,-1.0872336626,1.7400000095,-2.2699999809,1.3141014576,-0.9548355341,0.5514965653,0.1137173995,1.4516718388,-0.4572096169,-0.2550135255,-0.8950642347,-0.5778734088,0.0077223005,1.4016493559,-0.5000004768,0.3449999988
0.0144468592,0.0222690217,0.4444999993,0.0088374512,0.0295051020,0.0020195402,0.9995235205,0.1708863378,-0.3490000069,-1.1157475710,-1.7400000095,-2.2699999809,-1.3122481108,-1.0843518972,1.7400000095,-2.2699999809,1.3078321218,-0.9511941671,0.5533322096,0.1149312034,1.4508526325,-0.4584234357,-0.2590794861,-0.8974918723,-0.5760377645,0.0089361137,1.4004355669,-0.5000004768,0.3449999988
0.0144468592,0.0222690217,0.4444999993,0.0088419672,0.0295037478,0.0018665532,0.9995238185,0.1643275768,-0.3490000069,-1.1174068451,-1.7400000095,-2.2699999809,-1.3090542555,-1.0812202692,1.7400000095,-2.2699999809,1.3077934980,-0.9509645700,0.5534303188,0.1150077358,1.4508128166,-0.4584999382,-0.2593123317,-0.8976448774,-0.5759396553,0.0090126442,1.4003590345,-0.5000004768,0.3449999988
0.0144468592,0.0222690217,0.4444999993,0.0088419672,0.0295037478,0.0018665532,0.9995238185,0.1565892398,-0.3490000069,-1.1211289167,-1.7400000095,-2.2699999809,-1.3063299656,-1.0780440569,1.7400000095,-2.2699999809,1.3084282875,-0.9509645700,0.5534303188,0.1150077358,1.4508128166,-0.4584999382,-0.2593123317,-0.8976448774,-0.5759396553,0.0090126442,1.4003590345,-0.5000004768,0.3449999988
0.0144468592,0.0219560415,0.4444999993,0.0089954389,0.0295040365,0.0018620233,0.9995224476,0.1522247940,-0.3490000069,-1.1246002913,-1.7400000095,-2.2699999809,-1.3062151670,-1.0754452944,1.7400000095,-2.2699999809,1.3082695007,-0.9495324492,0.5539228916,0.1159928665,1.4491542578,-0.4588693678,-0.2593970001,-0.8976448774,-0.5756594539,0.0086900108,1.4006726742,-0.5002467036,0.3449999988
0.0144468592,0.0207909625,0.4444999993,0.0095753716,0.0295051113,0.0018449043,0.9995170832,0.1505176127,-0.3490000069,-1.1268422604,-1.7400000095,-2.2699999809,-1.3065418005,-1.0721957684,1.7400000095,-2.2699999809,1.3064856529,-0.9447298646,0.5552297831,0.1186066717,1.4430254698,-0.4598495662,-0.2606112659,-0.8976448774,-0.5745204091,0.0075173066,1.4018383026,-0.5009001493,0.3449999988
0.0144468592,0.0196138825,0.4448930919,0.0101809753,0.0295074750,0.0019490181,0.9995108247,0.1475931555,-0.3490000069,-1.1278774738,-1.7400000095,-2.2699999809,-1.3056093454,-1.0661561489,1.7400000095,-2.2699999809,1.3020130396,-0.9413957000,0.5546441674,0.1182215661,1.4369552135,-0.4575840235,-0.2645751238,-0.8976448774,-0.5731097460,0.0064089014,1.4030103683,-0.4989367723,0.3449999988
0.0144468592,0.0186969042,0.4462199211,0.0106316544,0.0295143463,0.0024958455,0.9995046854,0.1425076127,-0.3490000069,-1.1292567253,-1.7400000095,-2.2699999809,-1.3022922277,-1.0592620373,1.7400000095,-2.2699999809,1.2973036766,-0.9399735928,0.5519905090,0.1155678704,1.4321881533,-0.4485624135,-0.2694395483,-0.8976448774,-0.5720927715,0.0055213296,1.4039251804,-0.4919707775,0.3449999988
0.0144468592,0.0178011637,0.4465000033,0.0109851621,0.0295219626,0.0030930000,0.9994989634,0.1366664171,-0.3490000069,-1.1335850954,-1.7400000095,-2.2699999809,-1.3021419048,-1.0559893847,1.7400000095,-2.2699999809,1.2965312004,-0.9372779131,0.5514303446,0.1153092682,1.4270948172,-0.4442171156,-0.2701122761,-0.8976448774,-0.5719397068,0.0043758689,1.4048687220,-0.4911034703,0.3449999988
0.0144468592,0.0168324877,0.4465000033,0.0114076659,0.0295286756,0.0035501383,0.9994925261,0.1315944493,-0.3490000069,-1.1405102015,-1.7400000095,-2.2699999809,-1.3050183058,-1.0551704168,1.7400000095,-2.2699999809,1.2974489927,-0.9337668419,0.5514303446,0.1166383326,1.4219435453,-0.4435030818,-0.2688375711,-0.8976448774,-0.5719397068,0.0032508157,1.4065830708,-0.4937616289,0.3449999988
0.0144468592,0.0158502422,0.4465000033,0.0121536041,0.0295364205,0.0039434894,0.9994820356,0.1288133562,-0.3490000069,-1.1468338966,-1.7400000095,-2.2699999809,-1.3073410988,-1.0552936792,1.7400000095,-2.2699999809,1.3009554148,-0.9329648018,0.5512109399,0.1170077175,1.4188678265,-0.4421168566,-0.2669765949,-0.8982195854,-0.5721591115,0.0034514721,1.4102115631,-0.4945003688,0.3449825346
0.0144468592,0.0148883043,0.4465000033,0.0131620271,0.0295464490,0.0043697362,0.9994672537,0.1279465556,-0.3490000069,-1.1513288021,-1.7400000095,-2.2699999809,-1.3080459833,-1.0562787056,1.7400000095,-2.2699999809,1.3063991070,-0.9329648018,0.5498973727,0.1170077175,1.4180965424,-0.4388413131,-0.2642511725,-0.9024469256,-0.5734726787,0.0060785720,1.4159435034,-0.4945003688,0.3443535566
0.0144468592,0.0139418682,0.4465000033,0.0139922453,0.0295583867,0.0049328329,0.9994528890,0.1263556182,-0.3490000069,-1.1552791595,-1.7400000095,-2.2699999809,-1.3080946207,-1.0562901497,1.7400000095,-2.2699999809,1.3079940081,-0.9329648018,0.5494303703,0.1170077175,1.4174847603,-0.4353901446,-0.2592521310,-0.9069827199,-0.5739396811,0.0070126276,1.4227808714,-0.4946144819,0.3418610990
0.0144468592,0.0129915485,0.4465000033,0.0144637916,0.0295694061,0.0055130096,0.9994428754,0.1228294596,-0.3490000069,-1.1595449448,-1.7400000095,-2.2699999809,-1.3082277775,-1.0528968573,1.7400000095,-2.2699999809,1.3079940081,-0.9329648018,0.5494303703,0.1170077175,1.4157326221,-0.4324556589,-0.2532511652,-0.9092270136,-0.5739396811,0.0070126276,1.4286718369,-0.4961942434,0.3382309973
0.0144468592,0.0120001948,0.4465000033,0.0148179848,0.0295740888,0.0056844084,0.9994366169,0.1184878126,-0.3490000069,-1.1641280651,-1.7400000095,-2.2699999809,-1.3090053797,-1.0494532585,1.7400000095,-2.2699999809,1.3080103397,-0.9329126477,0.5494303703,0.1168293580,1.4130159616,-0.4289499819,-0.2515835464,-0.9095555544,-0.5738505125,0.0069447034,1.4303586483,-0.4995568097,0.3370891511
0.0144468592,0.0109952698,0.4465000033,0.0152503075,0.0295765437,0.0056716143,0.9994301200,0.1139518172,-0.3490000069,-1.1688153744,-1.7400000095,-2.2699999809,-1.3126881123,-1.0482466221,1.7400000095,-2.2699999809,1.3084667921,-0.9320248365,0.5494303703,0.1143706962,1.4097933769,-0.4246065319,-0.2559155822,-0.9083262086,-0.5726212263,0.0059114522,1.4303586483,-0.5038557053,0.3383184969
0.0144468592,0.0101265088,0.4465000033,0.0158447754,0.0295801070,0.0056660250,0.9994207621,0.1085603163,-0.3490000069,-1.1731274128,-1.7400000095,-2.2699999809,-1.3145580292,-1.0473953485,1.7400000095,-2.2699999809,1.3098279238,-0.9307402372,0.5494148135,0.1130077019,1.4068195820,-0.4209575355,-0.2610591054,-0.9077326059,-0.5719637871,0.0049012192,1.4304443598,-0.5068474412,0.3387904465
0.0144468592,0.0093445498,0.4465000033,0.0166667067,0.0295942686,0.0062057781,0.9994037747,0.1022479758,-0.3490000069,-1.1768150330,-1.7400000095,-2.2699999809,-1.3131484985,-1.0453321934,1.7400000095,-2.2699999809,1.3121501207,-0.9297000170,0.5487837195,0.1130077019,1.4041783810,-0.4187075794,-0.2638340890,-0.9100538492,-0.5730935931,0.0044861850,1.4334905148,-0.5078002214,0.3330942988
0.0144468592,0.0081037525,0.4465000033,0.0177905783,0.0296309330,0.0078204675,0.9993720055,0.0966677591,-0.3490000069,-1.1802357435,-1.7400000095,-2.2699999809,-1.3096368313,-1.0422877073,1.7400000095,-2.2699999809,1.3147490025,-0.9288894534,0.5472295284,0.1129830033,1.4003108740,-0.4161694646,-0.2673132122,-0.9116445780,-0.5763946176,0.0026963763,1.4395636320,-0.5098691583,0.3283646405
0.0144468592,0.0061410670,0.4465000033,0.0191963613,0.0296901073,0.0102514112,0.9993222356,0.0928948745,-0.3490000069,-1.1836749315,-1.7400000095,-2.2699999809,-1.3045351505,-1.0390983820,1.7400000095,-2.2699999809,1.3170381784,-0.9281152487,0.5447522402,0.1107325107,1.3943551779,-0.4121500552,-0.2735394835,-0.9116445780,-0.5816440582,-0.0020069196,1.4462419748,-0.5150951147,0.3278729916
0.0144468592,0.0042371647,0.4465000033,0.0205640942,0.0297311842,0.0115048550,0.9992801547,0.0895740241,-0.3490000069,-1.1869497299,-1.7400000095,-2.2699999809,-1.3000228405,-1.0376291275,1.7400000095,-2.2699999809,1.3190323114,-0.9269334674,0.5413518548,0.1069344580,1.3882014751,-0.4079229534,-0.2788816988,-0.9116445780,-0.5859977603,-0.0070703216,1.4493585825,-0.5205902457,0.3274795711
0.0144468592,0.0030838633,0.4465000033,0.0215948354,0.0297430400,0.0114741819,0.9992583990,0.0855735540,-0.3490000069,-1.1897739172,-1.7400000095,-2.2699999809,-1.2978665829,-1.0379894972,1.7400000095,-2.2699999809,1.3207674026,-0.9250714183,0.5374994874,0.1041110009,1.3836785555,-0.4047521949,-0.2803350985,-0.9116445780,-0.5876744986,-0.0097827436,1.4493585825,-0.5237312317,0.3257114589
0.0144468592,0.0023170775,0.4465000033,0.0224801619,0.0297531877,0.0114478236,0.9992389083,0.0822832882,-0.3490000069,-1.1917968988,-1.7400000095,-2.2699999809,-1.2971272469,-1.0390421152,1.7400000095,-2.2699999809,1.3219478130,-0.9230750799,0.5354390740,0.1030115709,1.3804836273,-0.4021596313,-0.2811748087,-0.9116445780,-0.5879394412,-0.0109318858,1.4493585825,-0.5262989402,0.3231578469
0.0144468592,0.0014290961,0.4465000033,0.0234833062,0.0297646653,0.0114179486,0.9992158413,0.0810260251,-0.3490000069,-1.1928501129,-1.7400000095,-2.2699999809,-1.2964222431,-1.0406036377,1.7400000095,-2.2699999809,1.3224110603,-0.9216081500,0.5354305506,0.1030076966,1.3779906034,-0.3993563354,-0.2847591043,-0.9116445780,-0.5879395008,-0.0118868081,1.4495798349,-0.5304706097,0.3206144571
0.0144468592,0.0004155158,0.4465000033,0.0244247597,0.0297754072,0.0113898981,0.9991933107,0.0799512640,-0.3490000069,-1.1937159300,-1.7400000095,-2.2699999809,-1.2952978611,-1.0416084528,1.7400000095,-2.2699999809,1.3224936724,-0.9209756851,0.5354305506,0.1030076966,1.3764313459,-0.3960281909,-0.2877463996,-0.9116445780,-0.5879395008,-0.0128559526,1.4506150484,-0.5353511572,0.3175380528
0.0144468592,-0.0005897016,0.4465000033,0.0250380654,0.0297917649,0.0117400130,0.9991735220,0.0768207312,-0.3490000069,-1.1951841116,-1.7400000095,-2.2699999809,-1.2937316895,-1.0416290760,1.7400000095,-2.2699999809,1.3219826221,-0.9224411249,0.5361685753,0.1027184576,1.3760646582,-0.3920820653,-0.2865207195,-0.9116445780,-0.5874408484,-0.0137434453,1.4527541399,-0.5393276215,0.3132969439
0.0144468592,-0.0015310487,0.4465000033,0.0254229959,0.0298117157,0.0123260925,0.9991561770,0.0728820041,-0.3490000069,-1.1963329315,-1.7400000095,-2.2699999809,-1.2926421165,-1.0416290760,1.7400000095,-2.2699999809,1.3204288483,-0.9248355031,0.5373657346,0.1014587134,1.3759425879,-0.3879091740,-0.2844256163,-0.9116445780,-0.5862102509,-0.0147254523,1.4549942017,-0.5420487523,0.3091940880
0.0144468592,-0.0024042584,0.4465000033,0.0258194059,0.0298174564,0.0123465918,0.9991455674,0.0704438984,-0.3490000069,-1.1963608265,-1.7400000095,-2.2699999809,-1.2933292389,-1.0411596298,1.7400000095,-2.2699999809,1.3184498549,-0.9249650240,0.5374305248,0.0990958288,1.3747005463,-0.3840038180,-0.2866595089,-0.9116445780,-0.5851706266,-0.0159838665,1.4560979605,-0.5437606573,0.3070150614
0.0144468592,-0.0033757794,0.4465000033,0.0263210852,0.0298236515,0.0123316180,0.9991324544,0.0696794167,-0.3490000069,-1.1960762739,-1.7400000095,-2.2699999809,-1.2954468727,-1.0402168036,1.7400000095,-2.2699999809,1.3170932531,-0.9249650240,0.5374305248,0.0971587598,1.3724610806,-0.3802104592,-0.2913734019,-0.9116445780,-0.5842691660,-0.0169169679,1.4568955898,-0.5456412435,0.3065089285
0.0144468592,-0.0046260837,0.4465000033,0.0269488543,0.0298384726,0.0125716748,0.9991123080,0.0696491748,-0.3490000069,-1.1951458454,-1.7400000095,-2.2699999809,-1.2972226143,-1.0401289463,1.7400000095,-2.2699999809,1.3169938326,-0.9254835248,0.5379490256,0.0970076919,1.3706837893,-0.3761416674,-0.2912332416,-0.9116445780,-0.5830655098,-0.0169874057,1.4589511156,-0.5490213633,0.3064999282
0.0144468592,-0.0056204153,0.4465000033,0.0274222065,0.0298624914,0.0132059418,0.9990905523,0.0696491748,-0.3490000069,-1.1940265894,-1.7400000095,-2.2699999809,-1.2980271578,-1.0401289463,1.7400000095,-2.2699999809,1.3169938326,-0.9267826676,0.5392481685,0.0970076919,1.3698792458,-0.3722532690,-0.2889395654,-0.9116445780,-0.5820541978,-0.0169874057,1.4610996246,-0.5521371365,0.3064999282
0.0140296016,-0.0057309805,0.4465000033,0.0274800174,0.0294488408,0.0133072156,0.9990998507,0.0686160251,-0.3490000069,-1.1938866377,-1.7400000095,-2.2699999809,-1.2973628044,-1.0406936407,1.7400000095,-2.2699999809,1.3160167933,-0.9269649982,0.5394304991,0.0974249542,1.3698133230,-0.3694422841,-0.2859889269,-0.9112273455,-0.5819395781,-0.0169874057,1.4609410763,-0.5521871448,0.3069578707
0.0127060730,-0.0057309805,0.4465000033,0.0274997503,0.0281265099,0.0133446585,0.9991369247,0.0642987564,-0.3490000069,-1.1938866377,-1.7400000095,-2.2699999809,-1.2950466871,-1.0430126190,1.7400000095,-2.2699999809,1.3123803139,-0.9269649982,0.5394304991,0.0987484753,1.3698133230,-0.3676756024,-0.2832914889,-0.9099038243,-0.5819395781,-0.0169874057,1.4596176147,-0.5511945486,0.3093515038
0.0124468589,-0.0057309805,0.4465000033,0.0275036134,0.0278675277,0.0133519899,0.9991439581,0.0602379292,-0.3490000069,-1.1933557987,-1.7400000095,-2.2699999809,-1.2947407961,-1.0450706482,1.7400000095,-2.2699999809,1.3102133274,-0.9269649982,0.5394304991,0.0990076885,1.3698133230,-0.3662575781,-0.2815153301,-0.9096446037,-0.5820453167,-0.0169874057,1.4593584538,-0.5510001183,0.3130851686
0.0124468589,-0.0057309805,0.4465000033,0.0275036134,0.0278675277,0.0133519899,0.9991439581,0.0579495765,-0.3490000069,-1.1907489300,-1.7400000095,-2.2699999809,-1.2959015369,-1.0461632013,1.7400000095,-2.2699999809,1.3098142147,-0.9269649982,0.5394304991,0.0990076885,1.3698133230,-0.3651936352,-0.2806417942,-0.9096446037,-0.5829492807,-0.0169874057,1.4593584538,-0.5510001183,0.3163670003
0.0124468589,-0.0057309805,0.4465000033,0.0275053885,0.0277481340,0.0133553697,0.9991471767,0.0566074476,-0.3490000069,-1.1887239218,-1.7400000095,-2.2699999809,-1.2983661890,-1.0470492840,1.7400000095,-2.2699999809,1.3088841438,-0.9267260432,0.5394304991,0.0990076885,1.3698133230,-0.3649998307,-0.2800280154,-0.9094056487,-0.5850145817,-0.0174653828,1.4595974684,-0.5510001183,0.3166414797
0.0124468589,-0.0057309805,0.4465000033,0.0275151990,0.0270891618,0.0133740185,0.9991648197,0.0554829612,-0.3490000069,-1.1880378723,-1.7400000095,-2.2699999809,-1.3018120527,-1.0482085943,1.7400000095,-2.2699999809,1.3068093061,-0.9254069328,0.5394304991,0.0990076885,1.3698133230,-0.3649998307,-0.2791558504,-0.9080865383,-0.5873450041,-0.0201035757,1.4609165192,-0.5510001183,0.3146628141
0.0124468589,-0.0057309805,0.4465000033,0.0275184792,0.0268683881,0.0133802639,0.9991706014,0.0540744290,-0.3490000069,-1.1866891384,-1.7400000095,-2.2699999809,-1.3053374290,-1.0497293472,1.7400000095,-2.2699999809,1.3048777580,-0.9251298904,0.5393425822,0.0989043713,1.3699166775,-0.3649503887,-0.2776801884,-0.9076446295,-0.5879395008,-0.0209874101,1.4613584280,-0.5510028601,0.3139999509
0.0124468589,-0.0057309805,0.4465000033,0.0275184792,0.0268683881,0.0133802639,0.9991706014,0.0525920056,-0.3490000069,-1.1836870909,-1.7400000095,-2.2699999809,-1.3079314232,-1.0512026548,1.7400000095,-2.2699999809,1.3032748699,-0.9264201522,0.5384194851,0.0979078636,1.3709131479,-0.3642109036,-0.2754109204,-0.9076446295,-0.5879395008,-0.0209874101,1.4613584280,-0.5511417985,0.3139999509
0.0124468589,-0.0057309805,0.4465000033,0.0275186133,0.0268032011,0.0134139471,0.9991718531,0.0521491729,-0.3490000069,-1.1796864271,-1.7400000095,-2.2699999809,-1.3085632324,-1.0515263081,1.7400000095,-2.2699999809,1.3004877567,-0.9269649982,0.5370213389,0.0966988131,1.3721221685,-0.3623347282,-0.2723728120,-0.9071260691,-0.5879395008,-0.0210380908,1.4610503912,-0.5519614220,0.3143080175
0.0124468589,-0.0057309805,0.4465000033,0.0275207143,0.0258647203,0.0139068170,0.9991897941,0.0521491729,-0.3490000069,-1.1753320694,-1.7400000095,-2.2699999809,-1.3079026937,-1.0502824783,1.7400000095,-2.2699999809,1.2959568501,-0.9269649982,0.5358132124,0.0957946107,1.3730263710,-0.3599006236,-0.2693427205,-0.9004413486,-0.5879395008,-0.0218670759,1.4573191404,-0.5556748509,0.3180392385
0.0124468589,-0.0057309805,0.4465000033,0.0275237467,0.0246944241,0.0145539865,0.9992101192,0.0521729924,-0.3490000069,-1.1710313559,-1.7400000095,-2.2699999809,-1.3061261177,-1.0496684313,1.7400000095,-2.2699999809,1.2910293341,-0.9269649982,0.5354305506,0.0947623625,1.3740586042,-0.3590021729,-0.2685008645,-0.8951383829,-0.5880083442,-0.0233053584,1.4554123878,-0.5574461818,0.3199056387
0.0124468589,-0.0057309805,0.4465000033,0.0275229178,0.0240659919,0.0150302863,0.9992184639,0.0529822558,-0.3490000069,-1.1669656038,-1.7400000095,-2.2699999809,-1.3036634922,-1.0507172346,1.7400000095,-2.2699999809,1.2867499590,-0.9269649982,0.5354305506,0.0935276002,1.3752933741,-0.3594836593,-0.2726289928,-0.8942177892,-0.5897714496,-0.0250496436,1.4565918446,-0.5562667251,0.3178415895
0.0124468589,-0.0057309805,0.4465000033,0.0275134016,0.0239278991,0.0155359078,0.9992142320,0.0549534857,-0.3490000069,-1.1628737450,-1.7400000095,-2.2699999809,-1.3025981188,-1.0523145199,1.7400000095,-2.2699999809,1.2830685377,-0.9269649982,0.5354105830,0.0930076763,1.3758132458,-0.3619677722,-0.2752693892,-0.8934485912,-0.5921938419,-0.0272982586,1.4573185444,-0.5555102825,0.3164999783
0.0124468589,-0.0057309805,0.4465000033,0.0274984781,0.0239450503,0.0161590017,0.9992043376,0.0580876879,-0.3490000069,-1.1585649252,-1.7400000095,-2.2699999809,-1.3031058311,-1.0536073446,1.7400000095,-2.2699999809,1.2796566486,-0.9269649982,0.5343131423,0.0930076763,1.3758132458,-0.3671644628,-0.2725850046,-0.8910665512,-0.5935720205,-0.0298175588,1.4551236629,-0.5562155247,0.3164999783
0.0124468589,-0.0057309805,0.4465000033,0.0274911970,0.0239534061,0.0164626725,0.9991993904,0.0623442531,-0.3490000069,-1.1542111635,-1.7400000095,-2.2699999809,-1.3046824932,-1.0546709299,1.7400000095,-2.2699999809,1.2758190632,-0.9269649982,0.5334305763,0.0930076763,1.3758132458,-0.3726938367,-0.2686821520,-0.8896448612,-0.5939394236,-0.0309874155,1.4533585310,-0.5575588346,0.3165022731
0.0124468589,-0.0057309805,0.4465000033,0.0274911970,0.0239534061,0.0164626725,0.9991993904,0.0674048588,-0.3490000069,-1.1500120163,-1.7400000095,-2.2699999809,-1.3075375557,-1.0557427406,1.7400000095,-2.2699999809,1.2712346315,-0.9269649982,0.5334305763,0.0930076763,1.3758132458,-0.3766873479,-0.2667184472,-0.8896448612,-0.5939394236,-0.0309874155,1.4533585310,-0.5588750243,0.3174999654
0.0124468589,-0.0057309805,0.4465000033,0.0274911970,0.0239534061,0.0164626725,0.9991993904,0.0719934180,-0.3490000069,-1.1460431814,-1.7400000095,-2.2699999809,-1.3114178181,-1.0570663214,1.7400000095,-2.2699999809,1.2671283484,-0.9269649982,0.5334305763,0.0930076763,1.3758132458,-0.3812577724,-0.2663125098,-0.8896448612,-0.5939394236,-0.0309874155,1.4533585310,-0.5594989061,0.3184977174
0.0124468589,-0.0057309805,0.4465000033,0.0274806246,0.0239655357,0.0169036128,0.9991920590,0.0752340853,-0.3490000069,-1.1423803568,-1.7400000095,-2.2699999809,-1.3159835339,-1.0588673353,1.7400000095,-2.2699999809,1.2647604942,-0.9269649982,0.5334305763,0.0930076763,1.3758132458,-0.3880288005,-0.2669741511,-0.8896448612,-0.5939394236,-0.0309874155,1.4533585310,-0.5586174726,0.3176173866
0.0124468589,-0.0057309805,0.4465000033,0.0274674725,0.0239806138,0.0174518991,0.9991825819,0.0790184438,-0.3490000069,-1.1392264366,-1.7400000095,-2.2699999809,-1.3209663630,-1.0612852573,1.7400000095,-2.2699999809,1.2640011311,-0.9269649982,0.5334305763,0.0930076763,1.3758132458,-0.3924308419,-0.2677972615,-0.8896448612,-0.5939394236,-0.0309874155,1.4533585310,-0.5575199723,0.3165199459
0.0124468589,-0.0057309805,0.4465000033,0.0274672303,0.0239808857,0.0174618643,0.9991824627,0.0850564986,-0.3490000069,-1.1366052628,-1.7400000095,-2.2699999809,-1.3259978294,-1.0641922951,1.7400000095,-2.2699999809,1.2639933825,-0.9269649982,0.5334305763,0.0931993276,1.3758132458,-0.3924998343,-0.2654373944,-0.8877635002,-0.5939394236,-0.0315954946,1.4515918493,-0.5588416457,0.3199498355
0.0124468589,-0.0057309805,0.4465000033,0.0274672303,0.0239808857,0.0174618643,0.9991824627,0.0894764289,-0.3490000069,-1.1332968473,-1.7400000095,-2.2699999809,-1.3300158978,-1.0660593510,1.7400000095,-2.2699999809,1.2639933825,-0.9269649982,0.5334305763,0.0934941918,1.3758132458,-0.3924998343,-0.2612401545,-0.8824422359,-0.5939394236,-0.0341617912,1.4459068775,-0.5609056354,0.3252574205
0.0124468589,-0.0053063906,0.4471535683,0.0267938580,0.0239602216,0.0171516817,0.9992066026,0.0896491781,-0.3490000069,-1.1281750202,-1.7400000095,-2.2699999809,-1.3320010900,-1.0656388998,1.7400000095,-2.2699999809,1.2613791227,-0.9263114333,0.5334305763,0.0935076624,1.3745061159,-0.3869638145,-0.2602848411,-0.8759859800,-0.5926322937,-0.0390262678,1.4376004934,-0.5595315695,0.3243562281
0.0124468589,-0.0040927446,0.4483973086,0.0249837749,0.0239133257,0.0165740065,0.9992643595,0.0896491781,-0.3490000069,-1.1241635084,-1.7400000095,-2.2699999809,-1.3331263065,-1.0647060871,1.7400000095,-2.2699999809,1.2564042807,-0.9250676632,0.5334305763,0.0935076624,1.3720185757,-0.3737894297,-0.2600829601,-0.8703535199,-0.5901448727,-0.0440072715,1.4298856258,-0.5558651686,0.3221796751
0.0124468589,-0.0029542586,0.4485000074,0.0235930067,0.0238927528,0.0167122055,0.9992963672,0.0905789435,-0.3490000069,-1.1244317293,-1.7400000095,-2.2699999809,-1.3352618217,-1.0669728518,1.7400000095,-2.2699999809,1.2586966753,-0.9249650240,0.5334305763,0.0940525159,1.3718132973,-0.3674356341,-0.2584700584,-0.8670244813,-0.5899394751,-0.0462659113,1.4262123108,-0.5537362099,0.3227504492
0.0124468589,-0.0020529907,0.4485000074,0.0227692295,0.0238924492,0.0173127931,0.9993052483,0.0935679600,-0.3490000069,-1.1257219315,-1.7400000095,-2.2699999809,-1.3373634815,-1.0739601851,1.7400000095,-2.2699999809,1.2668725252,-0.9249650240,0.5334305763,0.0953427926,1.3718132973,-0.3661135137,-0.2565333843,-0.8645008206,-0.5899394751,-0.0467370674,1.4239960909,-0.5521698594,0.3248973191
0.0124468589,-0.0011467582,0.4489419460,0.0218568314,0.0241131913,0.0180323943,0.9993076324,0.0960860327,-0.3490000069,-1.1252720356,-1.7400000095,-2.2699999809,-1.3361567259,-1.0781495571,1.7400000095,-2.2699999809,1.2721259594,-0.9251658916,0.5331510901,0.0955076516,1.3713713884,-0.3633457124,-0.2567541003,-0.8599013686,-0.5890556574,-0.0479085892,1.4177411795,-0.5477724671,0.3259567022
0.0124468589,-0.0001726974,0.4502610266,0.0208196193,0.0247642715,0.0185355339,0.9993046522,0.0982421488,-0.3490000069,-1.1229200363,-1.7400000095,-2.2699999809,-1.3318697214,-1.0792685747,1.7400000095,-2.2699999809,1.2736793756,-0.9262285233,0.5320047736,0.0955076516,1.3700522184,-0.3595986366,-0.2580731809,-0.8543715477,-0.5864175558,-0.0500517078,1.4087110758,-0.5414347649,0.3268019557
0.0124468589,0.0008044668,0.4505000114,0.0200683642,0.0248711146,0.0186162591,0.9993158579,0.1020173728,-0.3490000069,-1.1209975481,-1.7400000095,-2.2699999809,-1.3312660456,-1.0822373629,1.7400000095,-2.2699999809,1.2763459682,-0.9280395508,0.5308204889,0.0959404260,1.3708350658,-0.3597030342,-0.2551095784,-0.8514887094,-0.5867556930,-0.0519061126,1.4027166367,-0.5369293094,0.3313238025
0.0124468589,0.0017625354,0.4505000114,0.0196286105,0.0248629190,0.0186272021,0.9993245602,0.1071480289,-0.3490000069,-1.1199797392,-1.7400000095,-2.2699999809,-1.3319311142,-1.0881291628,1.7400000095,-2.2699999809,1.2816314697,-0.9300747514,0.5299000740,0.0976031497,1.3757029772,-0.3632890582,-0.2428054512,-0.8508111835,-0.5905387402,-0.0528574809,1.4009993076,-0.5350560546,0.3392596841
0.0124468589,0.0027185010,0.4505000114,0.0192319229,0.0248580761,0.0187665094,0.9993298054,0.1114469320,-0.3490000069,-1.1186511517,-1.7400000095,-2.2699999809,-1.3320499659,-1.0945833921,1.7400000095,-2.2699999809,1.2880330086,-0.9315413237,0.5289897323,0.0980076492,1.3799101114,-0.3671930730,-0.2402009666,-0.8503476381,-0.5934788585,-0.0529874302,1.4007490873,-0.5339810252,0.3404167593
0.0124468589,0.0036797600,0.4505000114,0.0187369883,0.0248614922,0.0194397308,0.9993262291,0.1147409827,-0.3490000069,-1.1163257360,-1.7400000095,-2.2699999809,-1.3316239119,-1.1000360250,1.7400000095,-2.2699999809,1.2937320471,-0.9324010611,0.5280098319,0.0980076492,1.3816319704,-0.3698781133,-0.2421862334,-0.8493344188,-0.5942713618,-0.0529874302,1.3999850750,-0.5324307680,0.3374388218
0.0124468589,0.0046419194,0.4505000114,0.0181903951,0.0248547532,0.0196616892,0.9993321300,0.1190763414,-0.3490000069,-1.1129580736,-1.7400000095,-2.2699999809,-1.3306384087,-1.1039351225,1.7400000095,-2.2699999809,1.2967352867,-0.9334247708,0.5270859599,0.0980076492,1.3828588724,-0.3715527654,-0.2428056598,-0.8482445478,-0.5946415067,-0.0529874302,1.3977993727,-0.5298545957,0.3369102478
0.0124468589,0.0056026331,0.4505000114,0.0176706705,0.0248445235,0.0196746122,0.9993414879,0.1251278520,-0.3490000069,-1.1086908579,-1.7400000095,-2.2699999809,-1.3291816711,-1.1067879200,1.7400000095,-2.2699999809,1.2974457741,-0.9346130490,0.5261830688,0.0980076492,1.3847408295,-0.3729640841,-0.2425158322,-0.8473051786,-0.5955654979,-0.0529874302,1.3944498301,-0.5265338421,0.3398333192
0.0124468589,0.0065630884,0.4505000114,0.0173268728,0.0248377565,0.0196831580,0.9993475080,0.1315797269,-0.3490000069,-1.1038874388,-1.7400000095,-2.2699999809,-1.3276332617,-1.1104340553,1.7400000095,-2.2699999809,1.2994521856,-0.9349649549,0.5250433087,0.0981246829,1.3870397806,-0.3754506409,-0.2412620336,-0.8463327885,-0.5968561769,-0.0529874302,1.3916684389,-0.5238044858,0.3409999907
0.0124468589,0.0075239534,0.4505000114,0.0170205347,0.0248317197,0.0196907707,0.9993527532,0.1370104253,-0.3490000069,-1.0996904373,-1.7400000095,-2.2699999809,-1.3264399767,-1.1151880026,1.7400000095,-2.2699999809,1.3034299612,-0.9349649549,0.5238366127,0.0993817151,1.3892288208,-0.3793591857,-0.2382878065,-0.8453024626,-0.5980574489,-0.0529874302,1.3899761438,-0.5220448971,0.3409999907
0.0124468589,0.0084846318,0.4505000114,0.0161185190,0.0248786788,0.0197117198,0.9993661642,0.1400641501,-0.3490000069,-1.0984351635,-1.7400000095,-2.2699999809,-1.3262666464,-1.1186721325,1.7400000095,-2.2699999809,1.3049061298,-0.9351447225,0.5235115886,0.0999428853,1.3904684782,-0.3833146691,-0.2344297022,-0.8444994092,-0.5982913375,-0.0530521944,1.3877055645,-0.5199185014,0.3410174251
0.0124468589,0.0094450489,0.4505000114,0.0144441715,0.0260417741,0.0196837373,0.9993627071,0.1408613771,-0.3490000069,-1.0993330479,-1.7400000095,-2.2699999809,-1.3299726248,-1.1199272871,1.7400000095,-2.2699999809,1.3028542995,-0.9390174150,0.5250081420,0.0987456813,1.3909988403,-0.3862730861,-0.2306452990,-0.8438288569,-0.5951930285,-0.0542493872,1.3838448524,-0.5171541572,0.3415190279
0.0124468589,0.0104064820,0.4505000114,0.0129671693,0.0267470535,0.0194545649,0.9993687868,0.1425848752,-0.3490000069,-1.0998528004,-1.7400000095,-2.2699999809,-1.3346203566,-1.1214797497,1.7400000095,-2.2699999809,1.2995092869,-0.9440634251,0.5259306431,0.0980076343,1.3933742046,-0.3882210255,-0.2273957878,-0.8423450589,-0.5915554166,-0.0549604706,1.3791818619,-0.5159999728,0.3427123129
0.0124468589,0.0113687618,0.4505000114,0.0123521350,0.0267273709,0.0188729148,0.9993882775,0.1471941173,-0.3490000069,-1.0984532833,-1.7400000095,-2.2699999809,-1.3367815018,-1.1250094175,1.7400000095,-2.2699999809,1.2966188192,-0.9466901422,0.5259306431,0.0980076343,1.3985236883,-0.3895125091,-0.2251132429,-0.8398901820,-0.5901231170,-0.0538408421,1.3746829033,-0.5159999728,0.3442682028
0.0124468589,0.0123275248,0.4505000114,0.0121385232,0.0267205741,0.0185386389,0.9993973374,0.1524336040,-0.3490000069,-1.0973945856,-1.7400000095,-2.2699999809,-1.3376441002,-1.1288305521,1.7400000095,-2.2699999809,1.2954968214,-0.9474843144,0.5259205103,0.0980076268,1.4013131857,-0.3911281526,-0.2243209928,-0.8386454582,-0.5899460316,-0.0529874340,1.3711889982,-0.5159888864,0.3449999988
0.0124468589,0.0132824648,0.4505000114,0.0117899058,0.0270805936,0.0190546289,0.9993821383,0.1559239775,-0.3490000069,-1.0993096828,-1.7400000095,-2.2699999809,-1.3387138844,-1.1314152479,1.7400000095,-2.2699999809,1.2960745096,-0.9478155971,0.5238718987,0.0980076268,1.4013131857,-0.3937121928,-0.2261797786,-0.8386454582,-0.5912263989,-0.0529874340,1.3690317869,-0.5134912729,0.3449999988
0.0124468589,0.0142490426,0.4505000114,0.0111230500,0.0276997220,0.0195490606,0.9993632436,0.1571487039,-0.3490000069,-1.1028163433,-1.7400000095,-2.2699999809,-1.3400635719,-1.1335805655,1.7400000095,-2.2699999809,1.2969794273,-0.9494066238,0.5219318271,0.0980076268,1.4013131857,-0.3964502513,-0.2282964736,-0.8386454582,-0.5924389362,-0.0529874340,1.3669130802,-0.5095649958,0.3449999988
0.0124468589,0.0152321067,0.4505000114,0.0101182731,0.0281652771,0.0195714682,0.9993604422,0.1571491957,-0.3490000069,-1.1056498289,-1.7400000095,-2.2699999809,-1.3413928747,-1.1361144781,1.7400000095,-2.2699999809,1.2975279093,-0.9533044696,0.5219306946,0.0961838886,1.4042571783,-0.3985660374,-0.2287378460,-0.8375056386,-0.5924396515,-0.0538993031,1.3637242317,-0.5074742436,0.3449999988
0.0124468589,0.0161774345,0.4505000114,0.0091612944,0.0286154579,0.0195933394,0.9993564487,0.1571491957,-0.3490000069,-1.1068747044,-1.7400000095,-2.2699999809,-1.3420851231,-1.1376129389,1.7400000095,-2.2699999809,1.2983553410,-0.9571960568,0.5219306946,0.0940355211,1.4089913368,-0.4007339776,-0.2288119793,-0.8361628652,-0.5924396515,-0.0549734905,1.3606047630,-0.5061744452,0.3449999988
0.0124468589,0.0170550346,0.4505000114,0.0086323423,0.0292274300,0.0196020361,0.9993432760,0.1581434608,-0.3490000069,-1.1060507298,-1.7400000095,-2.2699999809,-1.3413796425,-1.1376293898,1.7400000095,-2.2699999809,1.3002136946,-0.9585961103,0.5211353302,0.0948030353,1.4103105068,-0.4037102163,-0.2278476954,-0.8369408250,-0.5932350755,-0.0549874380,1.3589229584,-0.5037990808,0.3449999988
0.0124468589,0.0180522222,0.4505000114,0.0081866039,0.0296400208,0.0196108799,0.9993346930,0.1595942378,-0.3490000069,-1.1045511961,-1.7400000095,-2.2699999809,-1.3394913673,-1.1376293898,1.7400000095,-2.2699999809,1.3025798798,-0.9591958523,0.5199747086,0.0959636644,1.4108716249,-0.4065953791,-0.2249831110,-0.8381014466,-0.5943956971,-0.0549874380,1.3580387831,-0.5002427101,0.3449999988
0.0124468589,0.0193179380,0.4505000114,0.0073321993,0.0296367072,0.0196360908,0.9993409514,0.1587973386,-0.3490000069,-1.1040252447,-1.7400000095,-2.2699999809,-1.3372771740,-1.1367093325,1.7400000095,-2.2699999809,1.3046010733,-0.9615901709,0.5203318000,0.0960076302,1.4150289297,-0.4081639051,-0.2209543735,-0.8381454349,-0.5937582254,-0.0543059483,1.3568626642,-0.4960625470,0.3449999988
0.0124468589,0.0202157814,0.4505000114,0.0063012554,0.0296164323,0.0196666531,0.9993479848,0.1572606713,-0.3490000069,-1.1039150953,-1.7400000095,-2.2699999809,-1.3348180056,-1.1342675686,1.7400000095,-2.2699999809,1.3061435223,-0.9647963047,0.5215504169,0.0960076302,1.4203698635,-0.4088320136,-0.2161730379,-0.8381454349,-0.5925288796,-0.0530766137,1.3559172153,-0.4922813475,0.3449999988
0.0124468589,0.0202690214,0.4505000114,0.0055876090,0.0296033975,0.0198524166,0.9993489385,0.1600069106,-0.3490000069,-1.1037291288,-1.7400000095,-2.2699999809,-1.3318139315,-1.1321930885,1.7400000095,-2.2699999809,1.3074961901,-0.9665752649,0.5229455233,0.0960076228,1.4227710962,-0.4096207619,-0.2110727727,-0.8378459215,-0.5924859047,-0.0533171743,1.3558588028,-0.4899924695,0.3449999988
0.0124468589,0.0202690214,0.4505000114,0.0051680249,0.0295984466,0.0204513893,0.9993392825,0.1664084494,-0.3490000069,-1.1034572124,-1.7400000095,-2.2699999809,-1.3275432587,-1.1304003000,1.7400000095,-2.2699999809,1.3100048304,-0.9672114253,0.5238519907,0.0960076228,1.4233036041,-0.4106516838,-0.2076175511,-0.8366841674,-0.5927637219,-0.0544920713,1.3558588028,-0.4891093671,0.3449999988
0.0124468589,0.0205334146,0.4505000114,0.0047658444,0.0298274569,0.0211634897,0.9993196130,0.1664882004,-0.3490000069,-1.1033054590,-1.7400000095,-2.2699999809,-1.3212131262,-1.1278102398,1.7400000095,-2.2699999809,1.3152363300,-0.9682030678,0.5236300826,0.0962466821,1.4233129025,-0.4116416872,-0.2081292868,-0.8350630403,-0.5934016705,-0.0558977388,1.3551723957,-0.4888689220,0.3449999988
0.0124468589,0.0216601007,0.4505000114,0.0042475881,0.0304754786,0.0216597412,0.9992917776,0.1636714935,-0.3490000069,-1.1030985117,-1.7400000095,-2.2699999809,-1.3139241934,-1.1245265007,1.7400000095,-2.2699999809,1.3205462694,-0.9693070054,0.5224700570,0.0973500088,1.4233129025,-0.4132740498,-0.2104279995,-0.8338061571,-0.5944101810,-0.0568690076,1.3523323536,-0.4879826605,0.3449999988
0.0124468589,0.0230718646,0.4505000114,0.0036200141,0.0305710137,0.0215529911,0.9992936850,0.1601420790,-0.3490000069,-1.1024225950,-1.7400000095,-2.2699999809,-1.3079200983,-1.1213870049,1.7400000095,-2.2699999809,1.3218036890,-0.9694645405,0.5213224292,0.0989569947,1.4241440296,-0.4167565703,-0.2093344033,-0.8336454630,-0.5956991911,-0.0569874421,1.3489980698,-0.4849325716,0.3449999988
0.0124468589,0.0241035279,0.4505000114,0.0031063398,0.0305574369,0.0209052507,0.9993095398,0.1575629413,-0.3490000069,-1.1011818647,-1.7400000095,-2.2699999809,-1.3033648729,-1.1181651354,1.7400000095,-2.2699999809,1.3219872713,-0.9694645405,0.5204197764,0.1002837420,1.4271345139,-0.4212040901,-0.2040181309,-0.8336454630,-0.5967606306,-0.0569874421,1.3467140198,-0.4812079370,0.3449999988
0.0124468589,0.0242690220,0.4505000114,0.0030197862,0.0305550732,0.0207573734,0.9993129969,0.1571491957,-0.3490000069,-1.0995647907,-1.7400000095,-2.2699999809,-1.2987443209,-1.1137876511,1.7400000095,-2.2699999809,1.3217146397,-0.9694645405,0.5193966031,0.1003999114,1.4278129339,-0.4240715504,-0.2028380036,-0.8336454630,-0.5969397426,-0.0569874421,1.3463586569,-0.4805000126,0.3449999988
0.0124468589,0.0242690220,0.4505000114,0.0030197862,0.0305550732,0.0207573734,0.9993129969,0.1571491957,-0.3490000069,-1.0981791019,-1.7400000095,-2.2699999809,-1.2941235304,-1.1083369255,1.7400000095,-2.2699999809,1.3203878403,-0.9694645405,0.5183402300,0.0994936079,1.4278129339,-0.4248547256,-0.2035451084,-0.8336454630,-0.5969397426,-0.0569874421,1.3463586569,-0.4805000126,0.3449999988
0.0124468589,0.0242690220,0.4505000114,0.0029569697,0.0306540318,0.0207663272,0.9993099570,0.1569196135,-0.3490000069,-1.0981725454,-1.7400000095,-2.2699999809,-1.2911667824,-1.1030799150,1.7400000095,-2.2699999809,1.3199986219,-0.9695166945,0.5177934170,0.0976285264,1.4274119139,-0.4251801074,-0.2065096349,-0.8336454630,-0.5967392325,-0.0570025183,1.3463586569,-0.4805000126,0.3449999988
0.0124468589,0.0242690220,0.4505000114,0.0024313198,0.0312973149,0.0210811030,0.9992848635,0.1539986730,-0.3490000069,-1.1003533602,-1.7400000095,-2.2699999809,-1.2887631655,-1.0982394218,1.7400000095,-2.2699999809,1.3201495409,-0.9702613950,0.5172432661,0.0948391557,1.4247980118,-0.4260533452,-0.2130081356,-0.8336454630,-0.5954322815,-0.0576065667,1.3463586569,-0.4805000126,0.3449999988
0.0124468589,0.0244012196,0.4505000114,0.0017596401,0.0315323509,0.0223223660,0.9992518425,0.1467514336,-0.3490000069,-1.1023615599,-1.7400000095,-2.2699999809,-1.2822662592,-1.0926593542,1.7400000095,-2.2699999809,1.3210257292,-0.9722967148,0.5145676136,0.0912653059,1.4240773916,-0.4275610745,-0.2178738117,-0.8331167102,-0.5957329273,-0.0603601933,1.3461623192,-0.4804008603,0.3449999988
0.0124468589,0.0256704446,0.4505000114,0.0012120387,0.0315236561,0.0241572931,0.9992102981,0.1364114434,-0.3490000069,-1.1029943228,-1.7400000095,-2.2699999809,-1.2724231482,-1.0863054991,1.7400000095,-2.2699999809,1.3244746923,-0.9753642082,0.5080701709,0.0872967392,1.4266158342,-0.4293978214,-0.2189575881,-0.8280398250,-0.6033483744,-0.0674949959,1.3439235687,-0.4794489443,0.3449999988
0.0124468589,0.0262690224,0.4505000114,0.0007722325,0.0315522738,0.0248161983,0.9991937280,0.1280717552,-0.3490000069,-1.1036231518,-1.7400000095,-2.2699999809,-1.2684394121,-1.0810472965,1.7400000095,-2.2699999809,1.3259184361,-0.9779806733,0.5054307580,0.0837068483,1.4277657270,-0.4307389855,-0.2204628438,-0.8256455660,-0.6068633795,-0.0726784840,1.3413357735,-0.4790000319,0.3449999988
0.0124468589,0.0262690224,0.4505000114,0.0003153890,0.0321477056,0.0248289872,0.9991746545,0.1242380738,-0.3490000069,-1.1052772999,-1.7400000095,-2.2699999809,-1.2681678534,-1.0776805878,1.7400000095,-2.2699999809,1.3247046471,-0.9792186022,0.5054307580,0.0812436268,1.4268677235,-0.4314479530,-0.2241274565,-0.8256455660,-0.6056495905,-0.0732468739,1.3400974274,-0.4790000319,0.3449999988
0.0124468589,0.0262690224,0.4505000114,-0.0002535177,0.0324883275,0.0248639807,0.9991627932,0.1216504127,-0.3490000069,-1.1078605652,-1.7400000095,-2.2699999809,-1.2680643797,-1.0745564699,1.7400000095,-2.2699999809,1.3240299225,-0.9794644713,0.5054657459,0.0805076137,1.4256317616,-0.4328314066,-0.2258119285,-0.8255755901,-0.6050099134,-0.0751619339,1.3398587704,-0.4790349901,0.3449999988
0.0124468589,0.0262690224,0.4505000114,-0.0008960552,0.0324722901,0.0254541244,0.9991480708,0.1179103926,-0.3490000069,-1.1106778383,-1.7400000095,-2.2699999809,-1.2675451040,-1.0704271793,1.7400000095,-2.2699999809,1.3251706362,-0.9794644713,0.5066064000,0.0805076137,1.4247069359,-0.4352782667,-0.2258119285,-0.8232942820,-0.6072912216,-0.0811814815,1.3398587704,-0.4801756740,0.3449999988
0.0124468589,0.0262690224,0.4505000114,-0.0011815322,0.0324648693,0.0258747861,0.9991372228,0.1144210100,-0.3490000069,-1.1118768454,-1.7400000095,-2.2699999809,-1.2658982277,-1.0657435656,1.7400000095,-2.2699999809,1.3259544373,-0.9794644713,0.5074307323,0.0805076137,1.4237172604,-0.4364707768,-0.2258006930,-0.8216770291,-0.6089286804,-0.0844559819,1.3398498297,-0.4808112979,0.3449999988
0.0124468589,0.0262690224,0.4505000114,-0.0011815322,0.0324648693,0.0258747861,0.9991372228,0.1126070768,-0.3490000069,-1.1108269691,-1.7400000095,-2.2699999809,-1.2631342411,-1.0615067482,1.7400000095,-2.2699999809,1.3212304115,-0.9794644713,0.5074307323,0.0805076137,1.4224665165,-0.4330589175,-0.2244884372,-0.8253514171,-0.6076163650,-0.0807816535,1.3387999535,-0.4587653875,0.3449999988
0.0124468589,0.0262690224,0.4505000114,-0.0011815322,0.0324648693,0.0258747861,0.9991372228,0.1121491864,-0.3490000069,-1.1098858118,-1.7400000095,-2.2699999809,-1.2615921497,-1.0596295595,1.7400000095,-2.2699999809,1.3169950247,-0.9794644713,0.5074307323,0.0805076137,1.4218131304,-0.4299999774,-0.2233119309,-0.8286456466,-0.6064398885,-0.0774874315,1.3378587961,-0.4390000403,0.3449999988
0.0124468589,0.0262690224,0.4505000114,-0.0011815322,0.0324648693,0.0258747861,0.9991372228,0.1121491864,-0.3490000069,-1.1098858118,-1.7400000095,-2.2699999809,-1.2615921497,-1.0596295595,1.7400000095,-2.2699999809,1.3169950247,-0.9794644713,0.5074307323,0.0805076137,1.4218131304,-0.4299999774,-0.2233119309,-0.8286456466,-0.6064398885,-0.0774874315,1.3378587961,-0.4390000403,0.3449999988
0.0124468589,0.0262690224,0.4505000114,-0.0011815322,0.0324648693,0.0258747861,0.9991372228,0.1121491864,-0.3490000069,-1.1098858118,-1.7400000095,-2.2699999809,-1.2615921497,-1.0596295595,1.7400000095,-2.2699999809,1.3169950247,-0.9794644713,0.5074307323,0.0805076137,1.4218131304,-0.4299999774,-0.2233119309,-0.8286456466,-0.6064398885,-0.0774874315,1.3378587961,-0.4390000403,0.3449999988
0.0124468589,0.0262690224,0.4505000114,-0.0011815322,0.0324648693,0.0258747861,0.9991372228,0.1121491864,-0.3490000069,-1.1098858118,-1.7400000095,-2.2699999809,-1.2615921497,-1.0596295595,1.7400000095,-2.2699999809,1.3169950247,-0.9794644713,0.5074307323,0.0805076137,1.4218131304,-0.4299999774,-0.2233119309,-0.8286456466,-0.6064398885,-0.0774874315,1.3378587961,-0.4390000403,0.3449999988
0.0124468589,0.0262690224,0.4505000114,-0.0011815322,0.0324648693,0.0258747861,0.9991372228,0.1121491864,-0.3490000069,-1.1098858118,-1.7400000095,-2.2699999809,-1.2615921497,-1.0596295595,1.7400000095,-2.2699999809,1.3169950247,-0.9794644713,0.5074307323,0.0805076137,1.4218131304,-0.4299999774,-0.2233119309,-0.8286456466,-0.6064398885,-0.0774874315,1.3378587961,-0.4390000403,0.3449999988
0.0124468589,0.0262690224,0.4505000114,-0.0011815322,0.0324648693,0.0258747861,0.9991372228,0.1121491864,-0.3490000069,-1.1098858118,-1.7400000095,-2.2699999809,-1.2615921497,-1.0596295595,1.7400000095,-2.2699999809,1.3169950247,-0.9794644713,0.5074307323,0.0805076137,1.4218131304,-0.4299999774,-0.2233119309,-0.8286456466,-0.6064398885,-0.0774874315,1.3378587961,-0.4390000403,0.3449999988
0.0124468589,0.0262690224,0.4505000114,-0.0011815322,0.0324648693,0.0258747861,0.9991372228,0.1121491864,-0.3490000069,-1.1098858118,-1.7400000095,-2.2699999809,-1.2615921497,-1.0596295595,1.7400000095,-2.2699999809,1.3169950247,-0.9794644713,0.5074307323,0.0805076137,1.4218131304,-0.4299999774,-0.2233119309,-0.8286456466,-0.6064398885,-0.0774874315,1.3378587961,-0.4390000403,0.3449999988
0.0124468589,0.0262690224,0.4505000114,-0.0011815322,0.0324648693,0.0258747861,0.9991372228,0.1121491864,-0.3490000069,-1.1098858118,-1.7400000095,-2.2699999809,-1.2615921497,-1.0596295595,1.7400000095,-2.2699999809,1.3169950247,-0.9794644713,0.5074307323,0.0805076137,1.4218131304,-0.4299999774,-0.2233119309,-0.8286456466,-0.6064398885,-0.0774874315,1.3378587961,-0.4390000403,0.3449999988
0.0124468589,0.0262690224,0.4505000114,-0.0011815322,0.0324648693,0.0258747861,0.9991372228,0.1121491864,-0.3490000069,-1.1098858118,-1.7400000095,-2.2699999809,-1.2615921497,-1.0596295595,1.7400000095,-2.2699999809,1.3169950247,-0.9794644713,0.5074307323,0.0805076137,1.4218131304,-0.4299999774,-0.2233119309,-0.8286456466,-0.6064398885,-0.0774874315,1.3378587961,-0.4390000403,0.3449999988
0.0124468589,0.0262690224,0.4505000114,-0.0011815322,0.0324648693,0.0258747861,0.9991372228,0.1121491864,-0.3490000069,-1.1098858118,-1.7400000095,-2.2699999809,-1.2615921497,-1.0596295595,1.7400000095,-2.2699999809,1.3169950247,-0.9794644713,0.5074307323,0.0805076137,1.4218131304,-0.4299999774,-0.2233119309,-0.8286456466,-0.6064398885,-0.0774874315,1.3378587961,-0.4390000403,0.3449999988
0.0124468589,0.0262690224,0.4505000114,-0.0011815322,0.0324648693,0.0258747861,0.9991372228,0.1121491864,-0.3490000069,-1.1098858118,-1.7400000095,-2.2699999809,-1.2615921497,-1.0596295595,1.7400000095,-2.2699999809,1.3169950247,-0.9794644713,0.5074307323,0.0805076137,1.4218131304,-0.4299999774,-0.2233119309,-0.8286456466,-0.6064398885,-0.0774874315,1.3378587961,-0.4390000403,0.3449999988
0.0124468589,0.0262690224,0.4505000114,-0.0011815322,0.0324648693,0.0258747861,0.9991372228,0.1121491864,-0.3490000069,-1.1098858118,-1.7400000095,-2.2699999809,-1.2615921497,-1.0596295595,1.7400000095,-2.2699999809,1.3169950247,-0.9794644713,0.5074307323,0.0805076137,1.4218131304,-0.4299999774,-0.2233119309,-0.8286456466,-0.6064398885,-0.0774874315,1.3378587961,-0.4390000403,0.3449999988
0.0124468589,0.0262690224,0.4505000114,-0.0011815322,0.0324648693,0.0258747861,0.9991372228,0.1121491864,-0.3490000069,-1.1098858118,-1.7400000095,-2.2699999809,-1.2615921497,-1.0596295595,1.7400000095,-2.2699999809,1.3169950247,-0.9794644713,0.5074307323,0.0805076137,1.4218131304,-0.4299999774,-0.2233119309,-0.8286456466,-0.6064398885,-0.0774874315,1.3378587961,-0.4390000403,0.3449999988
0.0124468589,0.0262690224,0.4505000114,-0.0011815322,0.0324648693,0.0258747861,0.9991372228,0.1121491864,-0.3490000069,-1.1098858118,-1.7400000095,-2.2699999809,-1.2615921497,-1.0596295595,1.7400000095,-2.2699999809,1.3169950247,-0.9794644713,0.5074307323,0.0805076137,1.4218131304,-0.4299999774,-0.2233119309,-0.8286456466,-0.6064398885,-0.0774874315,1.3378587961,-0.4390000403,0.3449999988
0.0124468589,0.0262690224,0.4505000114,-0.0011815322,0.0324648693,0.0258747861,0.9991372228,0.1121491864,-0.3490000069,-1.1098858118,-1.7400000095,-2.2699999809,-1.2615921497,-1.0596295595,1.7400000095,-2.2699999809,1.3169950247,-0.9794644713,0.5074307323,0.0805076137,1.4218131304,-0.4299999774,-0.2233119309,-0.8286456466,-0.6064398885,-0.0774874315,1.3378587961,-0.4390000403,0.3449999988
0.0124468589,0.0262690224,0.4505000114,-0.0011815322,0.0324648693,0.0258747861,0.9991372228,0.1121491864,-0.3490000069,-1.1098858118,-1.7400000095,-2.2699999809,-1.2615921497,-1.0596295595,1.7400000095,-2.2699999809,1.3169950247,-0.9794644713,0.5074307323,0.0805076137,1.4218131304,-0.4299999774,-0.2233119309,-0.8286456466,-0.6064398885,-0.0774874315,1.3378587961,-0.4390000403,0.3449999988
0.0124468589,0.0262690224,0.4505000114,-0.0011815322,0.0324648693,0.0258747861,0.9991372228,0.1121491864,-0.3490000069,-1.1098858118,-1.7400000095,-2.2699999809,-1.2615921497,-1.0596295595,1.7400000095,-2.2699999809,1.3169950247,-0.9794644713,0.5074307323,0.0805076137,1.4218131304,-0.4299999774,-0.2233119309,-0.8286456466,-0.6064398885,-0.0774874315,1.3378587961,-0.4390000403,0.3449999988
0.0124468589,0.0262690224,0.4505000114,-0.0011815322,0.0324648693,0.0258747861,0.9991372228,0.1121491864,-0.3490000069,-1.1098858118,-1.7400000095,-2.2699999809,-1.2615921497,-1.0596295595,1.7400000095,-2.2699999809,1.3169950247,-0.9794644713,0.5074307323,0.0805076137,1.4218131304,-0.4299999774,-0.2233119309,-0.8286456466,-0.6064398885,-0.0774874315,1.3378587961,-0.4390000403,0.3449999988
0.0124468589,0.0262690224,0.4505000114,-0.0011815322,0.0324648693,0.0258747861,0.9991372228,0.1121491864,-0.3490000069,-1.1098858118,-1.7400000095,-2.2699999809,-1.2615921497,-1.0596295595,1.7400000095,-2.2699999809,1.3169950247,-0.9794644713,0.5074307323,0.0805076137,1.4218131304,-0.4299999774,-0.2233119309,-0.8286456466,-0.6064398885,-0.0774874315,1.3378587961,-0.4390000403,0.3449999988
0.0124468589,0.0262690224,0.4505000114,-0.0011815322,0.0324648693,0.0258747861,0.9991372228,0.1121491864,-0.3490000069,-1.1098858118,-1.7400000095,-2.2699999809,-1.2615921497,-1.0596295595,1.7400000095,-2.2699999809,1.3169950247,-0.9794644713,0.5074307323,0.0805076137,1.4218131304,-0.4299999774,-0.2233119309,-0.8286456466,-0.6064398885,-0.0774874315,1.3378587961,-0.4390000403,0.3449999988
0.0124468589,0.0262690224,0.4505000114,-0.0011815322,0.0324648693,0.0258747861,0.9991372228,0.1121491864,-0.3490000069,-1.1098858118,-1.7400000095,-2.2699999809,-1.2615921497,-1.0596295595,1.7400000095,-2.2699999809,1.3169950247,-0.9794644713,0.5074307323,0.0805076137,1.4218131304,-0.4299999774,-0.2233119309,-0.8286456466,-0.6064398885,-0.0774874315,1.3378587961,-0.4390000403,0.3449999988
0.0124468589,0.0262690224,0.4505000114,-0.0011815322,0.0324648693,0.0258747861,0.9991372228,0.1121491864,-0.3490000069,-1.1098858118,-1.7400000095,-2.2699999809,-1.2615921497,-1.0596295595,1.7400000095,-2.2699999809,1.3169950247,-0.9794644713,0.5074307323,0.0805076137,1.4218131304,-0.4299999774,-0.2233119309,-0.8286456466,-0.6064398885,-0.0774874315,1.3378587961,-0.4390000403,0.3449999988
0.0124468589,0.0262690224,0.4505000114,-0.0011815322,0.0324648693,0.0258747861,0.9991372228,0.1121491864,-0.3490000069,-1.1098858118,-1.7400000095,-2.2699999809,-1.2615921497,-1.0596295595,1.7400000095,-2.2699999809,1.3169950247,-0.9794644713,0.5074307323,0.0805076137,1.4218131304,-0.4299999774,-0.2233119309,-0.8286456466,-0.6064398885,-0.0774874315,1.3378587961,-0.4390000403,0.3449999988
0.0124468589,0.0262690224,0.4505000114,-0.0011815322,0.0324648693,0.0258747861,0.9991372228,0.1121491864,-0.3490000069,-1.1098858118,-1.7400000095,-2.2699999809,-1.2615921497,-1.0596295595,1.7400000095,-2.2699999809,1.3169950247,-0.9794644713,0.5074307323,0.0805076137,1.4218131304,-0.4299999774,-0.2233119309,-0.8286456466,-0.6064398885,-0.0774874315,1.3378587961,-0.4390000403,0.3449999988
0.0124468589,0.0262690224,0.4505000114,-0.0011815322,0.0324648693,0.0258747861,0.9991372228,0.1121491864,-0.3490000069,-1.1098858118,-1.7400000095,-2.2699999809,-1.2615921497,-1.0596295595,1.7400000095,-2.2699999809,1.3169950247,-0.9794644713,0.5074307323,0.0805076137,1.4218131304,-0.4299999774,-0.2233119309,-0.8286456466,-0.6064398885,-0.0774874315,1.3378587961,-0.4390000403,0.3449999988
0.0124468589,0.0262690224,0.4505000114,-0.0011815322,0.0324648693,0.0258747861,0.9991372228,0.1121491864,-0.3490000069,-1.1098858118,-1.7400000095,-2.2699999809,-1.2615921497,-1.0596295595,1.7400000095,-2.2699999809,1.3169950247,-0.9794644713,0.5074307323,0.0805076137,1.4218131304,-0.4299999774,-0.2233119309,-0.8286456466,-0.6064398885,-0.0774874315,1.3378587961,-0.4390000403,0.3449999988
